facility_name,facility_type,county,latitude,longitude,open_year
Buffalo Center for Rehabilitation and Nursing,nursing home,Erie,42.911777,-78.870277,1980
"Safire Rehabilitation of Southtowns, LLC",nursing home,Erie,42.832058,-78.810432,1989
Our Lady of Mercy Life Center,nursing home,Albany,42.701206,-73.904831,1993
Eye Health Associates Inc,clinic,Erie,42.991451,-78.781418,2000
East Hill Family Medical Inc.,clinic,Cayuga,42.930389,-76.568802,2001
Griffiss Surgery Center,clinic,Oneida,43.209602,-75.413391,2012
U.S. Renal Care Williamsville Dialysis Center,clinic,Erie,42.98333,-78.697006,2012
Oneida Healthcare Imaging at OOS,hospital,Madison,43.078629,-75.658684,2011
OMNI Surgery Center,clinic,Oneida,43.086676,-75.280007,2015
University Hospital Screening Van,hospital,Onondaga,43.008891,-76.167865,2019
Vna Home Care Services,other,Erie,42.9392,-78.7154,1998
St Mary's Fulton County Day Rehabilitation,hospital,Montgomery,43.052471,-74.344215,1996
Newark Health Center,hospital,Wayne,43.060444,-77.099724,1982
Planned Parenthood of Central and Western New York,clinic,Monroe,43.11468,-77.59797,1934
Sunnyview Therapy Services,hospital,Schenectady,42.860389,-73.934439,2014
Hutchings Psychiatric Center,hospital,Onondaga,43.04533,-76.139816,1984
Rochester Hearing and Speech Center - Greece Office,clinic,Monroe,43.211449,-77.71431,1922
RPCI Amherst Center,hospital,Erie,42.959019,-78.725639,2006
St Peters Hospital-SPARC,hospital,Albany,42.638474,-73.763504,2003
NFMMC-Medical Office Building,hospital,Niagara,43.094025,-79.050552,2000
Nursecore Of Syracuse,other,Onondaga,43.081853,-76.123653,2003
"Absolut Center for Nursing and Rehabilitation at Aurora Park, LLC",nursing home,Erie,42.768101,-78.623482,1989
CenterWell Home Health,other,Onondaga,43.107172,-76.186207,1987
Innovative Care Llc,other,Monroe,43.143638,-77.727423,
Kaleida Health Family Planning Center,hospital,Erie,42.90364,-78.86898,1998
U.S. Renal Care Herkimer Dialysis,clinic,Herkimer,43.02722,-74.98299,2023
Park Ridge Professional Building,hospital,Monroe,43.191257,-77.701546,
Crossroads,other,Onondaga,43.043891,-76.154899,1984
Clifton Springs Family Medicine,hospital,Wayne,43.046654,-77.093529,2012
Oak Orchard Health at OCMH,clinic,Orleans,43.241343,-78.172912,2020
"Elderchoice, Inc.",other,Oneida,43.054329,-75.27922,2014
Cornerstone Urgent Care Center,clinic,Monroe,43.115259,-77.729796,
Bishop Rehabilitation and Nursing Center,nursing home,Onondaga,43.057522,-76.137817,
KabaFusion HH,other,Albany,42.7164,-73.84222,2020
Terrace View Long Term Care Facility,nursing home,Erie,42.92717,-78.829224,1982
Delaware Oaks Center For Rehabilitation and Nursing,nursing home,Erie,42.916603,-78.868782,1980
Hospice of Central New York/Hospice and Palliative Care Associates/Hospice of the Finger Lakes,other,Onondaga,43.099258,-76.181641,1985
Palatine Nursing Home,nursing home,Montgomery,42.920784,-74.570427,1979
Riverside Family Medical Group,hospital,Albany,42.734126,-73.696086,2003
University Dialysis Center,clinic,Onondaga,43.047257,-76.132479,1992
Mount St. Mary's Hospital Rehab Services,hospital,Niagara,43.127529,-79.016502,2002
Bivona Child Advocacy Center,hospital,Monroe,43.149251,-77.607117,2004
Samaritan OB/GYN,hospital,Albany,42.746944,-73.758889,2009
The Unity Hospital of Rochester,hospital,Monroe,43.191551,-77.701538,1894
Urology Practice Wayne Medical Group,hospital,Wayne,43.059616,-77.100792,2009
Albany Medical Center Hospital,hospital,Albany,42.65337,-73.773834,
Eddy Senior Care,other,Schenectady,42.779328,-73.955685,2004
Rochester Presbyterian Home,other,Monroe,43.139953,-77.650291,
KabaFusion HH,other,Monroe,43.04645,-77.469894,
Crouse Community Center Inc,nursing home,Madison,42.89389,-75.638451,1991
Adirondack Manor HFA D.B.A. Willow Park HFA,other,Oneida,43.106708,-75.169979,1997
Panorama Internal Medicine,hospital,Monroe,43.132336,-77.438455,
MVHS Regional Cancer Office,hospital,Oneida,43.226517,-75.427368,1999
Northtowns Dialysis Center,clinic,Erie,42.994198,-78.874153,1999
Niagara Falls Memorial Medical Center Mobile Van,hospital,Niagara,43.09395,-79.04963,2021
Sunnyview Therapy Services,hospital,Albany,42.615,-73.8517,2022
Culver Medical Group,hospital,Monroe,43.161713,-77.565269,
Unlimited Care Inc.,other,Albany,42.716765,-73.804639,2015
"Endoscopy Center of Western New York, LLC",clinic,Erie,42.99139,-78.786018,2004
Highpointe on Michigan Health Care Facility,nursing home,Erie,42.900936,-78.86274,1984
Rochester Pathways,hospital,Monroe,43.11307,-77.61803,
Keepsake Village at Greenpoint,other,Onondaga,43.084225,-76.179787,1998
Sisters Health Center Amherst,hospital,Erie,43.02816,-78.806714,1993
UPSTATE Cancer Center at Verona,hospital,Oneida,43.13163,-75.57853,2024
"Mount St. Mary's Ambulatory Campus, a Department of Mount St. Mary's Hospital and Health Center",hospital,Niagara,43.139423,-78.696808,1991
St Peters Hospital-SPARC,hospital,Schenectady,42.76989,-73.937347,2003
Monroe Community Hospital,nursing home,Monroe,43.112251,-77.616165,1933
Buffalo Elementary School of Technology,hospital,Erie,42.879992,-78.859916,1997
Taylor-Brown Health Center,hospital,Seneca,42.901783,-76.846703,1991
"North Brook Heights Home For Adults, Inc.",other,Cayuga,42.950234,-76.554798,2001
Outpatient Oncology Clinic,hospital,Monroe,43.067722,-77.629646,
Foltsbrook Center for Senior Living,other,Herkimer,43.026921,-74.984399,1998
Jericho Road Community Health Center,clinic,Erie,42.893136,-78.83663,2018
Outpatient Clinic-Building F,hospital,Monroe,43.112476,-77.596073,
Newfane Rehab & Health Care Center,nursing home,Niagara,43.28307,-78.696739,1989
Behavioral Health Clinic,hospital,Erie,42.901447,-78.686363,2013
Oneida Center for Rehabilitation and Nursing,nursing home,Oneida,43.093094,-75.242401,1995
Sunnyview-Carman Rd Ext Clinic,hospital,Schenectady,42.725334,-73.936882,2001
Morrisville Adult Day Health,other,Madison,42.8907,-75.635739,2023
Calkins Creek Family Medicine,hospital,Monroe,43.066147,-77.629448,
Venture Forthe INC,other,Onondaga,43.06009,-76.06783,2024
St. Peter's Hospital,hospital,Albany,42.657539,-73.803879,
Mercy Hospital Skilled Nursing Facility,nursing home,Erie,42.827366,-78.820946,
St. Peter's Sleep Center,hospital,Albany,42.712174,-73.867815,1998
Montgomery Co Public Health Department,clinic,Montgomery,42.952969,-74.373688,1979
Schenectady Center for Rehabilitation and Nursing,nursing home,Schenectady,42.792469,-73.933044,1989
HIV Medicine Clinic of AMCH,hospital,Albany,42.647969,-73.777321,2019
Oak Orchard Community Health Center,clinic,Orleans,43.319138,-78.388695,2009
"Buffalo Surgery Center,LLC",clinic,Erie,42.978713,-78.788207,2000
Symphony Manor at Lancaster,other,Erie,42.898517,-78.664102,1990
Ashley Woods,other,Monroe,43.1516,-77.43707,
Unity Specialty Hospital,hospital,Monroe,43.14901,-77.636139,
Seneca Ridge Medical Complex,hospital,Monroe,43.195236,-77.608551,
Coram Healthcare Corporation Of Greater New York,other,Onondaga,43.05533,-76.18612,2012
Caregivers,other,Onondaga,43.09804,-76.19875,2000
"People, Home Health Services-Certified, Inc",other,Erie,42.9733,-78.80524,1995
Whitney M Young Jr Health Center Inc,clinic,Albany,42.662682,-73.748375,1979
"Briarwood Manor, Inc.",other,Niagara,43.153688,-78.66865,1987
Mercy Home Care Of Western New York,other,Erie,42.890446,-78.868265,2004
Eddy Seniorcare PACE Center,hospital,Schenectady,42.811867,-73.940422,1996
Monroe County Health Department Maternal And Child Health Services,other,Monroe,43.113973,-77.620499,
Shire Senior Living Home Care,other,Monroe,43.192609,-77.562945,
U.S. Renal Care St. Luke's Home Dialysis,clinic,Oneida,43.09808,-75.27546,2023
"Freedomcare, LLC",other,Albany,42.7337,-73.84756,2024
Greece Medical Group,hospital,Monroe,43.179549,-77.703596,
Niagara OB/GYN,hospital,Erie,42.899047,-78.890168,2017
Northtowns Ambulatory Surgery Center LLC,clinic,Erie,42.9962,-78.78131,2024
Peregrine Senior Living at Colonie,other,Albany,42.732569,-73.824121,2017
Henrietta Medical Center,hospital,Monroe,43.066818,-77.633508,
Beechwood Homes,nursing home,Erie,43.009171,-78.772995,1989
"Brighton Surgery Center,LLC",clinic,Monroe,43.115421,-77.595154,
Southview Internal Medicine,hospital,Monroe,43.110951,-77.594187,
WMY Seal a Smile Program,clinic,Albany,42.661339,-73.748909,2004
Irondequoit Primary Care,hospital,Monroe,43.210453,-77.603996,
Brookdale East Side,other,Onondaga,43.025967,-76.026651,1983
McCree McCuller Wellness Center NE,hospital,Monroe,43.191574,-77.584282,
Madison County Department Of Health,other,Madison,43.0776,-75.7072,2012
Unity at Ridgeway,hospital,Monroe,43.210129,-77.699257,
Williamsville Suburban LLC,nursing home,Erie,42.956402,-78.75489,1989
Albany Regional Eye Surgery Center,clinic,Albany,42.762611,-73.748634,2001
Jericho Road Community Health Center,clinic,Erie,42.917721,-78.894379,2013
"Behr'S Homecare, Llc",other,Oneida,43.046947,-75.283677,2017
Trillium Health Mobile Unit,clinic,Monroe,43.118611,-77.612181,1989
Brookdale Kenmore,other,Erie,42.965075,-78.869892,2012
"Maxim Of New York, Llc",other,Albany,42.721388,-73.801433,2004
Canterbury Woods,nursing home,Erie,42.99649,-78.722878,1999
Eastern Star Home,other,Oneida,43.16416,-75.33854,2021
Outpatient Extension Clinic,hospital,Monroe,43.250453,-77.694558,
"Endoscopy Center of Niagara, LLC",clinic,Niagara,43.086246,-78.940697,2014
Health Reach - Health Care for the Homeless,hospital,Monroe,43.14824,-77.59628,
The Bixby Home,other,Seneca,42.620002,-76.725602,2007
Planned Parenthood Amsterdam Health Center,clinic,Oneida,42.974472,-74.187447,2008
Oneida County Health Department,clinic,Oneida,43.099213,-75.224884,2000
Menorah Campus Health Services,clinic,Erie,43.015785,-78.782272,2012
Heritage Manor of Ransomville Assisted Living Program,other,Niagara,43.244638,-78.908657,1986
"Heathwood Assisted Living At Williamsville, Inc.",other,Erie,43.000224,-78.739322,2014
"Aftercare Nursing Services, Inc.",other,Erie,42.90026,-78.67097,1990
VNA Home Health,nursing home,Albany,42.678467,-73.795662,1983
Nascentia Health at Home,other,Onondaga,43.053761,-76.172157,
Planned Parenthood of Central and Western New York,clinic,Erie,42.839748,-78.772827,2006
UR Medicine Urgent Care - Henrietta,hospital,Monroe,43.08762,-77.59461,
Glenmere at Cloverwood,other,Monroe,43.08423,-77.545065,
Niagara Falls Memorial Medical Center,hospital,Niagara,43.094048,-79.0504,
"Mary Agnes Manor, L.L.C.",other,Erie,42.901939,-78.890804,2011
Katherine Luther Residential Health Care and Rehabilitation Center,nursing home,Oneida,43.057526,-75.363594,1980
Tuscarora Health Center,hospital,Niagara,43.159481,-78.943268,1992
Jericho Road Community Health Center Vive Clinic,clinic,Erie,42.9143,-78.86548,2025
The Courtyards LLC,other,Erie,42.753446,-78.824799,1986
Sunnyview Therapy Services,hospital,Albany,42.751701,-73.766205,2013
Planned Parenthood Schenectady Health Center,clinic,Schenectady,42.801655,-73.928139,1999
Orchard Park Dialysis Center,clinic,Erie,42.781647,-78.776512,2012
Highland Breast Care Center,hospital,Monroe,43.0658,-77.629601,
Outpatient Extension Clinic,hospital,Monroe,43.112751,-77.607627,
"Elderone, An Affiliate Of Rochester Regional Health",other,Monroe,43.205058,-77.599989,
McCree McCuller Wellness Center Mobile Van,hospital,Monroe,43.14901,-77.636139,
Cardiopulmonary Rehab,hospital,Onondaga,43.120728,-76.163551,1996
Newtown High School,clinic,Cayuga,40.740893,-73.874429,2016
"The Commons on St. Anthony, a Skilled Nursing & Short Term Rehabilitation Community",nursing home,Cayuga,42.917961,-76.581459,
Changing Seasons Home Care,other,Onondaga,43.027158,-76.014843,2016
St. Peter's Nursing And Rehabilitation Center,nursing home,Albany,42.653301,-73.805016,
Nathan Littauer Hospital Primary/ Urgent Care,hospital,Montgomery,42.96753,-74.18899,2021
Valley Health Services ADHC Little Falls,other,Herkimer,43.043964,-74.847458,2010
Complex Care Center,hospital,Monroe,43.16148,-77.566244,
Outpatient Extension Clinic,hospital,Monroe,43.122259,-77.488373,
RGH ILS Hudson Center Medical Clinic,hospital,Monroe,43.205322,-77.600601,
Lewiston Primary Care,hospital,Niagara,43.128594,-79.00609,2015
Glenwell,other,Erie,42.871553,-78.755855,1999
"EHS, Inc.",clinic,Erie,42.890602,-78.878502,1996
East Aurora Medical Center,hospital,Erie,42.764977,-78.60788,1991
"Any-Time Home Care, Inc.",other,Albany,42.698811,-73.811501,1991
United Memorial Medical Center Woman's Care Center,hospital,Orleans,43.207592,-78.398091,2012
Orleans County Health Department,clinic,Orleans,43.240555,-78.216614,
Internal Medicine and Pediatrics Clinic of AMCH,hospital,Albany,42.77426,-73.75122,2018
Univ Otolaryngology Assoc&Audiology,hospital,Monroe,43.112797,-77.597511,
Eddy Daybreak at Eddy Cohoes,other,Albany,42.772724,-73.725082,2008
Fox Run at Orchard Park,nursing home,Erie,42.764557,-78.774719,2008
Eddy SeniorCare,hospital,Albany,42.729371,-73.738968,2019
Jesse E Nash Health Center,clinic,Erie,42.885166,-78.84874,1995
Peregrine Senior Living at Onondaga Hill,other,Onondaga,43.0017,-76.19009,2018
Greece Chemical Dependency O/P,hospital,Monroe,43.191063,-77.701546,
Heritage Manor Of Ransomville Home Care,other,Niagara,43.244638,-78.908657,2013
Presbyterian Residential Community,other,Oneida,43.073601,-75.341659,1995
Freddie Thomas High School,hospital,Monroe,43.168003,-77.593788,
The Amberleigh,other,Erie,42.989495,-78.702524,2016
Option Care,other,Albany,42.64983,-73.75205,2018
Oneida Health Hospital,hospital,Madison,43.07869,-75.654449,1979
"CFDSHC, Inc.",clinic,Albany,42.629398,-73.766197,1987
Rochester Hearing and Speech Center - Webster Office,clinic,Monroe,43.21064,-77.442009,1922
Newark Manor Nursing Home Inc,nursing home,Wayne,43.062256,-77.100143,1989
The Terrace at Newark,other,Wayne,43.019457,-77.093424,2009
MVHS New Hartford Medical Office,hospital,Oneida,43.082912,-75.327164,2001
Sunnyview Audiology at Amsterdam,hospital,Montgomery,42.95892,-74.189034,2003
Ellis Medicine at Mohawk Harbor: Urgent and Primary Care,hospital,Schenectady,42.826179,-73.933738,2018
Shaker Place Rehabilitation and Nursing Center,nursing home,Albany,42.747261,-73.817245,
Eden Rehabilitation & Nursing Center,nursing home,Erie,42.658882,-78.895767,1988
Huntington Living Center,nursing home,Seneca,42.901783,-76.846703,1990
"Marquis Home Care, Llc",other,Albany,42.727281,-73.844998,2020
Lutheran Home of Central New York,other,Oneida,43.05644,-75.364326,1976
"The Community Hospice, Inc.",other,Albany,42.739996,-73.841022,1999
Children's Pavilion Upstate Medical University,hospital,Onondaga,43.04574,-76.13838,2024
Mobile Mammography Van,hospital,Schenectady,42.793575,-73.879089,2007
Loretto Geriatric Center Licensed Home Care Agency,other,Onondaga,43.116148,-76.144676,1989
Wynn Hospital,hospital,Oneida,43.10333,-75.23508,2023
Rochester Regional Health Hospice Care,other,Monroe,43.092171,-77.582054,
Synergy Bariatrics,hospital,Erie,42.962268,-78.756296,2015
Laurelwood at the Highlands,other,Monroe,43.085477,-77.498486,
FMS Southern Manhattan Dialysis Center - Monroe County,clinic,Monroe,43.214034,-77.440436,
"Sunset Nursing and Rehabilitation Center, Inc.",nursing home,Oneida,43.478821,-75.332718,1985
St. Peter's Hospital Executive Woods Cardiac Imaging Center,hospital,Albany,42.690231,-73.776682,2014
The Friendly Home,nursing home,Monroe,43.126938,-77.527718,1849
MVHS North Utica Medical Office,hospital,Oneida,43.117302,-75.21048,1998
MVHS Faxton Medical Campus,hospital,Oneida,43.090488,-75.25824,1979
Nascentia Independent Care,other,Onondaga,43.053778,-76.172258,1996
Sisters Health Center Caritas,hospital,Erie,42.915313,-78.784218,2019
Sisters Health Center Depew,hospital,Erie,42.924297,-78.696846,2003
The Children's Psychiatry Clinic Sweet Home Satellite,hospital,Erie,43.00012,-78.798865,2016
Cardiac Rehabilitation Clinic,hospital,Monroe,43.20224,-77.565788,
Aveanna Healthcare,other,Erie,42.956629,-78.710373,2002
St. Joseph's Dialysis - Regional,clinic,Onondaga,43.058708,-76.135658,2009
HCR / HCR Home Care,nursing home,Monroe,43.0975,-77.616798,
Trillium Health,clinic,Monroe,43.149521,-77.599014,1989
Orchard Heights,other,Erie,42.744259,-78.748343,1991
Genesee Health Service,hospital,Monroe,43.149998,-77.596962,1967
MVHS Little Falls Medical Office,hospital,Oneida,43.043316,-74.859558,2007
Cleve Hill Dialysis Center,clinic,Erie,42.957942,-78.818124,2005
Jewish Home Living Well Home Care,other,Monroe,43.10598,-77.57986,1920
Edna Tina Wilson Living Center,nursing home,Monroe,43.266117,-77.663773,
Planned Parenthood Rome Health Center,clinic,Oneida,43.231136,-75.44133,1979
Community Health Center of Niagara,clinic,Niagara,43.113036,-79.048565,2010
Comfort Keepers,other,Erie,42.80188,-78.741512,2015
Jordan Health at Volunteers of America,clinic,Monroe,43.168463,-77.625302,1968
Capital District Internal Medicine,hospital,Albany,42.680035,-73.834526,1996
Orleans Community Health Center,hospital,Orleans,43.241627,-78.165054,2012
"Lindsay House Surgery Center, LLC",clinic,Monroe,43.151005,-77.578384,
Mosaic Health Ilion,clinic,Herkimer,43.01537,-75.036523,2016
UPSTATE Medical Clay,hospital,Onondaga,43.18969,-76.24042,2025
Outpatient Oncology Clinic-Webster,hospital,Monroe,43.21514,-77.46305,
Alpine Rehabilitation and Nursing Center,nursing home,Herkimer,43.053211,-74.851563,1989
Mercy Comprehensive Care Center,hospital,Erie,42.872307,-78.864273,1994
Mohawk Valley Dialysis Center,clinic,Montgomery,42.960804,-74.184807,2012
Northern Erie Clinical Services,hospital,Erie,42.959305,-78.878807,1986
Masonic Care Community of New York,nursing home,Oneida,43.08913,-75.189423,
Unity Geriatric Associates,hospital,Monroe,43.182468,-77.69487,
"Health Association Of Niagara County, Inc.",other,Niagara,43.10102,-79.052606,1987
Orchard Rehabilitation & Nursing Center,nursing home,Orleans,43.213066,-78.370117,
Irondequoit Physical Therapy,hospital,Monroe,43.201909,-77.575655,
"Kingsway Home Care Services, Inc.",other,Schenectady,42.776421,-73.911441,1997
Independent Living Service Health Center,clinic,Onondaga,43.136869,-76.126795,1997
Woodward Health Center,clinic,Monroe,43.140572,-77.635941,
Oneida Health Chittenango Internal Medicine and Family Care,hospital,Madison,43.043396,-75.873856,2002
OH Wellness & Rehabilitation Center,hospital,Madison,43.0924,-75.652145,1999
Latta Road Nursing Home East,nursing home,Monroe,43.252987,-77.666809,
Internal Medicine Clinic of AMCH,hospital,Albany,42.700046,-73.852337,2019
Clyde Family Health Center,hospital,Wayne,43.084709,-76.872414,2005
Fairport Baptist Homes Adult Care Facility,other,Monroe,43.110343,-77.439949,
Roswell Park Cancer Institute,hospital,Erie,42.898525,-78.865013,
Brookdale Manlius,other,Onondaga,43.000305,-75.97873,2012
Baker Victory Healthcare Center,clinic,Erie,42.825882,-78.824112,1998
North Buffalo Medical Park,hospital,Erie,42.947815,-78.874954,1998
"The Cottages at Garden Grove, a Skilled Nursing Community",nursing home,Onondaga,43.043674,-76.136673,
Caledonia Family Medicine,hospital,Monroe,42.965843,-77.841751,
Option Care,other,Onondaga,43.099581,-76.181702,2003
Westside Sports Medicine,hospital,Monroe,43.18,-77.703697,
"Cedarbrook Village, Incorporated",other,Oneida,43.055828,-75.237972,2009
Willcare,other,Erie,42.95321,-78.71625,2011
Syracuse Community Health Center South,clinic,Onondaga,43.020695,-76.159477,1998
Harlem Road Ambulatory Surgery Center,clinic,Erie,42.92873,-78.78294,2022
Brockport Mental Health O/P,hospital,Monroe,43.21497,-77.935463,
South End Community Health Center,hospital,Albany,42.639912,-73.757797,
Cobbs Hill Manor,other,Monroe,43.13718,-77.579778,
Mobile Dental Unit 2,clinic,Erie,42.955111,-78.821079,2022
Penn Fair Medical & Pediatric,hospital,Monroe,43.130848,-77.439072,
The Village at Mill Landing,other,Monroe,43.231137,-77.701059,
Seneca Health Care Center,nursing home,Erie,42.83955,-78.782463,
Hillcrest Spring Residential Adult Care,other,Montgomery,40.920515,-73.814908,1994
Schofield Adult Day Health Care Program,other,Erie,42.872681,-78.863586,2007
Oak Orchard Community Health Center Medical Mobile Van,clinic,Monroe,43.22108,-77.95058,1966
UR Medicine Urgent Care Newark,hospital,Wayne,43.044286,-77.111046,2016
Home Instead Senior Care,other,Monroe,43.044824,-77.468162,
St Johnsville Rehabilitation and Nursing Center,nursing home,Montgomery,42.99902,-74.686768,1989
Mohawk Valley Endoscopy Center,hospital,Oneida,43.09043,-75.28506,2023
Blossom Health Care Center Inc,nursing home,Monroe,43.149281,-77.544769,
Morris Heights Health Center,clinic,Cayuga,40.853988,-73.907549,2021
St Peters Dental & Childrens Health Clinic,hospital,Albany,42.665779,-73.791122,2008
"Specialists' One-Day Surgery Center, LLC",clinic,Onondaga,43.127519,-76.115957,2019
Saunders Center for Orthopedics & Physical Performance,hospital,Monroe,43.08141,-77.63382,
UR Medicine Hospice,other,Monroe,43.201027,-77.497665,
"Seneca Nursing & Rehabilitation Center, LLC",nursing home,Seneca,42.906406,-76.846695,1989
"Cottrill'S Pharmacy, Inc.",other,Erie,42.750446,-78.747138,2015
Kenmore Mercy Hospital,hospital,Erie,42.977848,-78.878754,
"Kingsway Manor, LLC",other,Schenectady,42.775426,-73.913286,1991
McAuley Residence,nursing home,Erie,42.978001,-78.885818,
Sunnyview Therapy Services at 1450 Western Avenue,hospital,Albany,42.680745,-73.836817,2017
Koinonia Primary Care,clinic,Albany,42.665302,-73.768982,2012
Unity Health System Family Practice,hospital,Monroe,43.223164,-77.696732,
Buffalo General Medical Center,hospital,Erie,42.900394,-78.865707,1980
St. Mary's Healthcare - Amsterdam Memorial Campus,hospital,Montgomery,42.961201,-74.186272,
Nuclear Medicine Extension Clinic of AMCH,hospital,Albany,42.686205,-73.812889,2016
MVHS Imaging Services,hospital,Oneida,43.090973,-75.279434,2012
Albany Medical Center - South Clinical Campus,hospital,Albany,42.645485,-73.77829,1980
Broadway Wny,other,Erie,42.885107,-78.877363,2020
Sedgwick Heights,other,Onondaga,43.060389,-76.130475,1997
Daniel Squire Oral D & T Center - School-Based Mobile Dental Equipment Clinic,clinic,Erie,42.954535,-78.817461,2011
Prime Care,hospital,Oneida,43.211182,-75.458595,1999
Colonial Park Rehabilitation and Nursing Center,nursing home,Oneida,43.217644,-75.436157,1980
Lock City Dialysis,clinic,Niagara,43.183455,-78.696056,2019
"Marquis Certified Home Care, LLC",other,Albany,42.727281,-73.844998,2000
United Cerebral Palsy Association of the Rochester Area Inc,clinic,Monroe,43.125015,-77.612144,1946
Latham Primary Care Associates,hospital,Albany,42.732399,-73.732597,2014
Bay Creek Dialysis Center,hospital,Monroe,43.195141,-77.50103,
Self-Direct Inc.,other,Onondaga,43.145528,-76.325129,2008
Our Lady of Peace Nursing Care Residence,nursing home,Niagara,43.153564,-79.038345,2003
Freedom Center of Rochester,clinic,Monroe,43.102992,-77.582603,
Pathways Nursing and Rehabilitation Center,nursing home,Schenectady,42.829273,-73.897346,1989
Rochester Center for Rehabilitation and Nursing,nursing home,Monroe,43.128445,-77.686188,1980
Seneca Co Dept of Health,clinic,Seneca,42.906805,-76.842128,1979
Albany County Health Dept,clinic,Albany,42.641979,-73.75441,1979
Capstone Center for Rehabilitation and Nursing,nursing home,Montgomery,42.914402,-74.104347,
Golisano Children's Hospital of Buffalo,hospital,Erie,42.900716,-78.867203,1978
"CFDSHC, Inc.",clinic,Schenectady,42.891899,-73.902657,1994
"Community Health Center of Buffalo, Inc - School Based Mobile Dental Equipment",clinic,Erie,42.942196,-78.834199,2017
Rome Mem Hosp-1617 North James St,hospital,Oneida,43.230515,-75.443222,1997
Mary Agnes Manor ALP,other,Erie,42.901939,-78.890804,1991
Oak Orchard Health Dental at Albion,clinic,Orleans,43.23453,-78.19445,2022
Sodus Rehabilitation & Nursing Center,nursing home,Wayne,43.248711,-77.062515,1987
Kaleida Health SB Dental Prog,hospital,Erie,42.904278,-78.853905,2008
Massry Residence at Daughters of Sarah,other,Albany,42.699729,-73.853422,2002
Rochester General Hospital,hospital,Monroe,43.192619,-77.584503,1847
Sisters Health Center D'Youville,hospital,Erie,42.90493,-78.8894,2021
Brookdale Fayetteville,other,Onondaga,43.019142,-76.011854,1997
Hilton East Assisted Living,other,Monroe,43.289143,-77.78571,
FMS-Kenmore Artificial Kidney Center,clinic,Erie,42.981045,-78.87825,1994
West Hertel Academy,hospital,Erie,42.946358,-78.890274,2002
Church Home of the Protestant Episcopal Church,nursing home,Monroe,43.140167,-77.613838,
Build Academy #91,hospital,Erie,42.908279,-78.828979,1997
Mount St. Mary's Neighborhood Health Center,hospital,Niagara,43.120728,-79.048706,1998
Eddy Village Green at Beverwyck,nursing home,Albany,42.65839,-73.838501,2011
Wayne Medical Group/The Commons,hospital,Wayne,43.234003,-77.170669,2000
Joy Family Medicine,clinic,Monroe,43.170639,-77.578865,
Dr Lydia T Wright School,hospital,Erie,42.923153,-78.835899,2006
Brookdale Niagara Memory Care,other,Niagara,43.096467,-78.864856,2000
Mercy Home Care Of Western New York,other,Niagara,43.068927,-78.846854,2004
"United Cerebral Palsy Association of the Rochester Area, Inc",clinic,Monroe,43.083752,-77.581985,1946
Giffen Elementary School,clinic,Albany,42.641937,-73.756668,2007
The Village at Maiden Park,other,Monroe,43.222711,-77.6643,
University Hospital SUNY Health Science Center,hospital,Onondaga,43.042622,-76.138809,
Crouse Physical Rehabilitation,hospital,Onondaga,43.100786,-76.055984,2005
Eastman Dental Center-Mobile Dental Van #4,clinic,Monroe,43.124374,-77.622765,1917
Rochester General Medical Group,hospital,Monroe,43.126083,-77.516708,1847
Westminster Manor,other,Cayuga,42.925163,-76.566915,1993
FMS-Amsterdam Dialysis Center,clinic,Montgomery,42.937401,-74.190903,1998
Planned Parenthood of Central and Western New York,clinic,Niagara,43.096458,-79.049965,2006
MVHS Boonville Medical Office,hospital,Oneida,43.48672,-75.3312,1987
Sunnyside Care Center,nursing home,Onondaga,43.109051,-76.037949,1979
Ingersoll Place Licensed Home Care Services Agency,other,Albany,42.7804,-73.88744,2023
Cirrus Manor Residential Center,other,Monroe,43.19175,-77.56354,
Swineburn Health Center,clinic,Albany,42.67041,-73.77931,2022
"Elderone, An Affiliate Of Rochester Regional Health",other,Monroe,43.101738,-77.524919,
Little Falls Hospital Little Falls Health Center,hospital,Herkimer,43.044033,-74.846121,2019
All Metro Health Care,other,Schenectady,42.81998,-73.93759,2011
Charlotte High School,hospital,Monroe,43.246021,-77.61905,
Macedon (Kachoria) Family Practice,hospital,Wayne,43.064522,-77.327721,2013
"Interim Healthcare Of Syracuse, Inc.",other,Onondaga,43.068927,-76.098626,1996
Herkimer County Public Health Nursing Service,other,Herkimer,43.029119,-74.987706,2012
Midtown PT,hospital,Monroe,43.140305,-77.549881,
Latham Dialysis,clinic,Albany,42.74368,-73.74944,2021
Schyler Achievement Academy,clinic,Albany,42.668221,-73.774284,2007
U.S. Renal Care Hamilton Dialysis,clinic,Madison,42.82729,-75.54623,2023
Northpointe Council Methadone Maintenance Treatment Program,clinic,Niagara,43.099197,-79.05085,2009
Angels In Your Home,other,Monroe,43.290093,-77.785684,
Rochester General Hospital at Linden Oaks,hospital,Monroe,43.124584,-77.514755,1847
Liberty Home Care,other,Niagara,43.095248,-78.916229,2002
Cedarbrook,other,Oneida,43.055828,-75.237972,2009
Eastside Internal Medicine,hospital,Monroe,43.079835,-77.440809,
Ambulatory Surgery Center of Niagara,clinic,Niagara,43.108253,-78.990259,2016
The Hurlbut,nursing home,Monroe,43.097446,-77.613304,
Developmentally Disabled Clinic at Monroe Community Hospital,clinic,Monroe,43.112251,-77.616165,1933
Jewish Home of Rochester,nursing home,Monroe,43.104618,-77.577599,1920
Oneida Health Rehabilitation and Extended Care,nursing home,Madison,43.078709,-75.654625,1989
Fresenius Kidney Care - Wheatfield,clinic,Niagara,43.060204,-78.830307,2011
"Wehrle Drive ASC, LLC",clinic,Erie,42.95758,-78.70466,2022
Strong Memorial Hospital Ec,hospital,Monroe,43.115276,-77.596512,1926
Rochester Regional Health Home Care,other,Monroe,43.092171,-77.582054,
Primary Care Center-West,hospital,Onondaga,43.043354,-76.159073,1995
Sunnyview Hospital and Rehabilitation Center,hospital,Schenectady,42.82206,-73.913651,
Camden Family Care,hospital,Oneida,43.333903,-75.751011,2014
GuildCare Albany,clinic,Albany,42.77153,-73.759177,2017
WNY Medical Management - Sheridan Drive,clinic,Erie,42.981163,-78.818613,2019
Trustees of the Eastern Star Hall and Home of the State of New York,nursing home,Oneida,43.164825,-75.339493,
Mohawk Valley Eye Surgery Center,clinic,Montgomery,42.973042,-74.188293,2013
Planned Parenthood of Central and Western New York Mobile Van Services,clinic,Erie,42.94048,-78.83559,2006
Everett Road Surgery Center,clinic,Albany,42.694816,-73.771081,2019
"Maxim Of New York, Llc",other,Erie,42.877679,-78.857126,2004
Delaware Elementary School,clinic,Onondaga,43.039253,-76.172768,2006
Hometown Health Centers Mobile Dental Equipment,clinic,Schenectady,42.80111,-73.92832,2011
Unity Ob/Gyn at Clinton Crossings,hospital,Monroe,43.111588,-77.594467,
Trott Access Center,clinic,Niagara,43.099197,-79.05085,2005
Oneida Health Canastota-Lenox Family Care,hospital,Madison,43.078098,-75.752365,1997
Great Lakes Cancer Care,hospital,Erie,42.964818,-78.716539,2019
Heather Heights of Pittsford,other,Monroe,43.088072,-77.531694,
"Menorah Campus Adult Home, Inc.",other,Erie,43.015524,-78.786117,1994
"Trusted Care At Home, Llc",other,Monroe,43.199893,-77.599801,
Fox Run at Orchard Park,other,Erie,42.762962,-78.77293,2008
Nottingham RHCF,nursing home,Onondaga,43.010296,-76.086212,1996
Alcoholism Rehabilitation,hospital,Montgomery,42.94146,-74.194885,1985
Hamilton Home Care,other,Onondaga,43.003668,-75.977226,2016
Outpatient Psychiatric Clinic,hospital,Monroe,43.150387,-77.635338,
Coram Healthcare Corporation Of Greater New York,other,Erie,42.98831,-78.80053,2012
Park Ridge Mental Health,hospital,Monroe,43.184101,-77.687035,
Tountas Diagnostic&Family Care Center,hospital,Monroe,42.975445,-78.002251,
Acacia Licensed Home Care Company,other,Oneida,43.089096,-75.189316,2004
The Grand Rehabilitation and Nursing at Utica,nursing home,Oneida,43.091022,-75.256882,1989
Neighborhood Health Center Bridgeview,clinic,Erie,42.91216,-78.90044,2022
Depaul Home Care,other,Monroe,43.063739,-77.650281,
Rochester General Imaging at Alexander Park,hospital,Monroe,43.14917,-77.597397,1847
"Elderchoice, Inc.",other,Onondaga,43.034,-76.45194,2014
St. Peter's Hospital Spine & Neurosurgery,hospital,Albany,42.770695,-73.821442,2011
Wedgewood Nursing and Rehabilitation Center,nursing home,Monroe,43.192566,-77.802086,
"Home Aide Service Of The Central Adirondacks, Inc.",other,Herkimer,43.708334,-74.970877,1988
UHCC Manlius Physical Med & Rehab,hospital,Onondaga,43.000942,-75.979752,1998
FKC - Latham Dialysis Center,clinic,Albany,42.77153,-73.759177,2018
"Briarwood Manor, Inc.",other,Niagara,43.153362,-78.669128,1998
Brothers of Mercy Sacred Heart Home,other,Erie,42.969451,-78.59271,2020
Clinton Crossing Nuclear Cardiology,hospital,Monroe,43.112175,-77.597466,
Wolk Manor Enriched Living Center,other,Monroe,43.10623,-77.58406,
Brookdale Bellevue,other,Onondaga,43.025696,-76.215347,1983
MVHS Oneida Medical Office,hospital,Madison,43.094943,-75.651522,2018
Apex Surgical Center,clinic,Oneida,43.162643,-75.417513,2015
PEDS-ECMC Clinical Therapy Services,hospital,Erie,42.996326,-78.812805,2014
St. Elizabeth's Community Health System Campus,hospital,Oneida,43.08305,-75.26822,
Ambulatory Surgery Center of Western New York LLC,clinic,Erie,42.988639,-78.806505,1999
Onondaga County Department Of Health,other,Onondaga,43.045768,-76.148165,1990
Roswell Park Cancer Institute Niagara,hospital,Niagara,43.084652,-78.94072,2012
"Specialists' One-Day Surgery Center, LLC",clinic,Onondaga,43.051949,-76.057985,2002
"FInger Lakes Community Health, Inc.",clinic,Wayne,43.255342,-77.066957,2004
SMH Mobile Stroke Clinic,hospital,Monroe,43.12361,-77.62436,
Fredonia Place of Williamsville,other,Erie,42.967893,-78.751181,2021
RGH ILS Northpark Medical Clinic,hospital,Monroe,43.189476,-77.577446,
"Neighborhood Health Center of WNY, Inc.",clinic,Erie,42.949883,-78.888382,1987
Family Health Centers of Comm Mem Hosp,hospital,Madison,42.891239,-75.637856,1991
Wolcott Medical Center,hospital,Wayne,43.226799,-76.769073,1986
Elite Hhc Llc,other,Erie,42.89325,-78.87107,2019
Upper Hudson Planned Parenthood,clinic,Albany,42.680267,-73.790146,1979
Boonville Family Care,hospital,Oneida,43.482647,-75.328552,1995
Northwoods Rehabilitation and Nursing Center at Moravia,nursing home,Cayuga,42.714851,-76.422775,1989
St. Joseph's Dialysis - Seneca,clinic,Onondaga,43.168682,-76.240944,2009
Grand Island Primary Care Center,hospital,Erie,43.031863,-78.973196,2015
Peregrine Guilderland,other,Albany,42.684759,-73.904284,2003
Fiddlers Green Manor Rehabilitation and Nursing Center,nursing home,Erie,42.508789,-78.673546,1998
"Peregrine Homecare Strategies Of New York, Llc",other,Onondaga,42.94582,-76.397609,2008
Southtowns Surgery Center,clinic,Erie,42.763263,-78.761903,2016
St. Mary's Canajoharie Health Center,hospital,Montgomery,42.90691,-74.573975,1987
St Peters Addiction Recovery Center,hospital,Albany,42.775986,-73.700363,1991
Hometown Health Centers at Amsterdam,clinic,Schenectady,42.941162,-74.195648,2014
Mount St. Mary's Hospital Neurology Center,hospital,Niagara,43.128565,-79.006091,2016
Presbyterian Home for Central New York Inc,nursing home,Oneida,43.072346,-75.342911,
Syracuse Community Health Center West,clinic,Onondaga,43.041813,-76.163864,1995
Visiting Nurse Association of Utica and Oneida County Inc,other,Oneida,43.099613,-75.275528,
MVHS Orthopedic Group,hospital,Oneida,43.088413,-75.26101,2015
RPH-West,other,Monroe,43.120696,-77.809989,
"Planned Parenthood of Central and Western New York, Inc.",clinic,Erie,42.94048,-78.83559,2006
Acacia Certified Home Care Company,other,Oneida,43.08913,-75.189423,2004
Fairport Skilled Nursing and Rehab,nursing home,Monroe,43.109913,-77.441704,
Cohoes Family Care,hospital,Albany,42.775986,-73.700363,1996
Syracuse Community Health,clinic,Onondaga,43.039562,-76.150269,1979
Elderwood Assisted Living at West Seneca,other,Erie,42.831645,-78.777705,1998
Bassett Healthcare Network - Hamilton Madison Health Center,hospital,Madison,42.84255,-75.55359,1991
Elderwood at Williamsville,nursing home,Erie,42.996937,-78.731537,1989
Allergy and Immunology Clinic of AMCH,hospital,Albany,42.699394,-73.851748,2019
Community Care Home Health Services,other,Erie,42.93573,-78.84239,2018
Camillus Surgery Center,clinic,Onondaga,43.039978,-76.293015,2001
Roswell Park Scott Bieler Amherst Center,hospital,Erie,42.96385,-78.76431,2023
"Digestive Disease Center of Central New York, LLC",clinic,Onondaga,43.121746,-76.161598,2008
The Sentinel Of Amsterdam,other,Montgomery,42.938153,-74.193291,2017
US Renal Care Faxton Dialysis,clinic,Oneida,43.09087,-75.25748,2023
Brockport Family Medicine,hospital,Monroe,43.198414,-77.95005,
Sleep Disorder Center,hospital,Monroe,43.126027,-77.51692,
New England Laser & Cosmetic Surgery Center,clinic,Albany,42.765404,-73.810654,1999
Elderwood at Liverpool,nursing home,Onondaga,43.122807,-76.181442,1984
Outpatient Extension Clinic,hospital,Monroe,43.12332,-77.619767,
Stanley M Makowski Early Childhood Center,hospital,Erie,42.904278,-78.853905,2000
RGH PT OT / PM&R,hospital,Monroe,43.120018,-77.509216,
Unity Living Center,nursing home,Monroe,43.14901,-77.636139,
Geneva Adult Day Care at Waterloo,other,Seneca,42.901783,-76.846703,1998
Amedisys Home Health Care,other,Erie,42.97145,-78.73507,2005
The Unity Hospital of Rochester - St. Mary's Campus,hospital,Monroe,43.14912,-77.63615,1857
John James Audubon Elem. School 33,hospital,Monroe,43.169903,-77.571609,
Outpatient Psychiatry Clinic of AMCH,hospital,Albany,42.647071,-73.776529,2019
Oak Orchard Community Health Center,clinic,Monroe,43.220085,-77.950653,1966
Mercy Hospital - Mercy Hospital Orchard Park Division,hospital,Erie,42.781742,-78.77224,2007
"The Sentinel of Amsterdam, LLC",other,Montgomery,42.938153,-74.193291,2017
Finger Lakes Healthcare Mobile Dental Program,clinic,Wayne,43.25602,-77.069839,2007
Southtowns Health Center,hospital,Erie,42.763263,-78.761903,1998
St. Joseph's Dialysis - Northeast,clinic,Onondaga,43.040108,-76.022133,2009
Strong Infusion Center at Highland Hospital,hospital,Monroe,43.135769,-77.607544,1889
Park Terrace at Radisson,other,Onondaga,43.178253,-76.299818,2002
Upstate Home Care,other,Albany,42.72351,-73.85329,2018
Finger Lakes Center for Living,nursing home,Cayuga,42.942368,-76.565025,1995
St Joseph's Hosp Mental Health Center,hospital,Onondaga,43.055515,-76.141907,1995
Monroe Co Dept of Health Clinics,clinic,Monroe,43.15047,-77.63459,
MVHS Herkimer Medical Office,hospital,Herkimer,43.02639,-74.983688,1999
St Josephs Hospital Health Center-Asc,hospital,Onondaga,43.121719,-76.162109,2004
Juniper Glen Alzheimer's Special Care Center,other,Erie,43.008722,-78.69707,2017
ECMC Center for Dental Care,hospital,Erie,42.94842,-78.87957,2023
Focus Senior Living at Utica,other,Oneida,43.093128,-75.242348,1991
Mary M Parkes Center,hospital,Monroe,43.065769,-77.629646,
Heathwood Assisted Living at Penfield,other,Monroe,43.136965,-77.440144,
MVHS Washington Mills Medical Office,hospital,Oneida,43.053902,-75.271446,2001
Oneida County Health Department Mobile Unit,clinic,Oneida,43.10143,-75.2307,2024
St. Catherine Laboure Health Care Center,nursing home,Erie,42.92905,-78.849953,
Kirkhaven,nursing home,Monroe,43.151859,-77.595985,1984
Rahma Health Clinic,clinic,Onondaga,43.017967,-76.141777,2012
St. Peter's Amyotrophic Lateral Sclerosis Regional Center,hospital,Albany,42.702126,-73.825493,2006
Capital Region Ambulatory Surgery Center,clinic,Albany,42.685917,-73.813637,2000
Nursecore Of Rochester,other,Monroe,43.115371,-77.6631,
Unity Orthopedics at Chili,hospital,Monroe,43.130204,-77.690004,
North Ponds Family Medicine,hospital,Monroe,43.215105,-77.438153,
Mount St. Mary's Orthopedic Services,hospital,Niagara,43.15324,-79.029205,2011
Outpatient Extension Clinic-Gates,hospital,Monroe,43.147798,-77.708295,
Family Medicine at RIT,hospital,Monroe,43.089387,-77.668761,
Schofield Residence,nursing home,Erie,42.988373,-78.878601,
Tender Loving Family Care Inc.,other,Monroe,43.210536,-77.611744,
Van Duyn Center for Rehabilitation and Nursing,nursing home,Onondaga,43.005547,-76.166534,
Park Ridge Nursing Home,nursing home,Monroe,43.191551,-77.701538,
Dr. M.L. King Jr School #9,hospital,Monroe,43.167309,-77.610664,
Oneida Health Verona Family Care,hospital,Oneida,43.130727,-75.581211,2012
Wilkinson Residential Health Care Facility,nursing home,Montgomery,42.961201,-74.186272,
Loretto Village Apts. Enriched Housing Site #5,other,Onondaga,43.009219,-76.132868,1992
Samaritan Hospital - Albany Memorial Campus,hospital,Albany,42.674271,-73.749268,
HCR / HCR Home Care,nursing home,Onondaga,43.09513,-76.08171,1986
Oak Orchard Community Health Center,clinic,Orleans,43.240894,-78.202805,1979
Western Ny Care Services,other,Erie,42.751299,-78.762707,2019
Crouse Hospital - Commonwealth Division,hospital,Onondaga,43.099155,-76.098633,2009
Dr. Weeks Elementary School,clinic,Onondaga,43.055153,-76.133072,2002
Mary M Gooley Hemophilia Center,clinic,Monroe,43.192207,-77.584473,1959
Peregrine Delmar Place,other,Albany,42.618927,-73.842097,2004
"Rome Memorial Hospital, Inc - RHCF",nursing home,Oneida,43.229935,-75.443466,1980
Heathwood Assisted Living at Williamsville,other,Erie,43.000224,-78.739322,2011
FMS Kidney Care - Newark,clinic,Wayne,43.050077,-77.111281,2013
Wayne Health Care,nursing home,Wayne,43.062344,-77.109703,1988
FMS-Living Center,clinic,Monroe,43.06947,-77.444671,
Neighborhood Health Center Blasdell,clinic,Erie,42.796984,-78.822168,2017
Hillery Park Academy #27,hospital,Erie,42.861355,-78.810204,2002
Syracuse Surgery Center,clinic,Onondaga,43.107254,-76.159653,2012
U.S. Renal Care Hamburg Dialysis,clinic,Erie,42.77918,-78.81153,2021
Neighborhood Health Center Southtowns,clinic,Erie,42.732929,-78.842084,2000
Utica LHCSA LLC,other,Oneida,43.09315,-75.24237,2021
"Millard Fillmore Surgery Center, LLC",clinic,Erie,43.000877,-78.729836,2007
Friends for the Day,other,Wayne,43.060822,-77.098625,2012
Oak Orchard Community Health Center School Mobile Dental Van,clinic,Monroe,43.220085,-77.950653,1966
RRH Riedman Health Center,hospital,Monroe,43.197839,-77.577747,
Caregivers,other,Erie,42.980737,-78.842813,2000
Brookdale Niskayuna,other,Schenectady,42.801064,-73.897888,2012
Brookdale Niagara Assisted Living,other,Niagara,43.097489,-78.865318,2012
James Monroe High School,hospital,Monroe,43.14685,-77.59807,
Niagara Falls Kidney Care Center,clinic,Niagara,43.094048,-79.0504,2011
Eddy Village Green,nursing home,Albany,42.772724,-73.725082,1989
Sodus Health Center Clinic,hospital,Wayne,43.255447,-77.067009,
Faatz-Crofut Home for the Elderly,other,Cayuga,42.938189,-76.555464,1991
East Hill Family Medical Inc. - School-Based Mobile Dental Equipment Clinic,clinic,Cayuga,42.930389,-76.568802,2011
Samaritan OB/GYN,hospital,Albany,42.775986,-73.700363,1996
Oak Orchard Health Medina,clinic,Orleans,43.22052,-78.40347,2022
Intrepid Lane Ambulatory Surgery Center,clinic,Onondaga,43.00235,-76.12725,2022
"Loretto Adult Community, Inc.",other,Onondaga,43.010698,-76.089284,1992
Women and Children's Hospital of Buffalo - McKinley OB/GYN,hospital,Erie,42.779334,-78.812284,2013
SJEH Mobile Health Van,hospital,Albany,40.59866,-73.753,2024
Unity Family Medicine at Orchard Street,hospital,Monroe,43.158569,-77.634438,
Webster Family Medicine,hospital,Monroe,43.190704,-77.499455,
SJHHC Northeast Medical Center,hospital,Onondaga,43.039871,-76.022354,1999
Gorman Imaging Center,hospital,Madison,43.07695,-75.653519,2006
McHarrie Pointe,other,Onondaga,43.144165,-76.344282,2010
Upstate Campus East,hospital,Onondaga,43.091747,-76.059219,2010
Hometown Health Centers at Mont Pleasant Middle School,clinic,Schenectady,42.797945,-73.939193,2016
Highland Women's Health - Perinton,hospital,Monroe,43.079835,-77.440809,
"One Caring Place Plus, Inc.",other,Oneida,43.09027,-75.21213,2018
Health Force,other,Erie,42.87475,-78.84966,2006
Legacy at Cranberry Landing,other,Monroe,43.189273,-77.548839,
"Crane Home Care, Inc.",other,Erie,42.715847,-78.831034,2015
People Care Incorporated,other,Albany,40.62359,-73.99119,1990
Garden Home Care Llc,other,Erie,42.978352,-78.872579,2016
UR Medicine Urgent Care - Greece,hospital,Monroe,43.20758,-77.682432,
MVHS Sister Rose Vincent Family Medicine Center,hospital,Oneida,43.09428,-75.241844,1995
Albany Center for Independent Living,other,Albany,42.62575,-73.8038,2022
Daughters of Sarah Nursing Center,nursing home,Albany,42.699898,-73.851563,
Outpatient Extension Clinic,hospital,Monroe,43.08141,-77.63382,
Glendale Home-Schdy Cnty Dept Social Services,nursing home,Schenectady,42.873688,-73.908165,
Sage Harbor at Baywinde,other,Monroe,43.193024,-77.509008,
Medina Memorial Hospital SNF,nursing home,Orleans,43.223637,-78.397141,
Dialysis Center of Oneida,clinic,Madison,43.075838,-75.64312,2017
Unity Family Medicine at Parkway,hospital,Monroe,43.263565,-77.665222,
Mosaic Health Utica Dental,clinic,Oneida,43.086652,-75.257065,2019
Niagara Street Pediatrics,hospital,Erie,42.912072,-78.899919,2018
RGH Elderone Emerson Center Medical Clinic,hospital,Monroe,43.174125,-77.651481,
Herkimer County Public Health Nursing Service,clinic,Herkimer,43.028847,-74.98719,1979
Valley Home Care,other,Herkimer,43.045,-74.9586,2015
"Whitney M. Young Jr. Health Center, Inc. Mobile Van",clinic,Albany,42.662898,-73.747835,2014
Community Memorial Hospital - Cazenovia Family Health Center,hospital,Madison,42.922762,-75.812833,2016
"Independent Nursing Care, L.L.C.",other,Erie,42.732528,-78.680386,2004
UPSTATE Sleep Center,hospital,Onondaga,43.039978,-76.293015,2013
Sitrin Medical Rehabilitation Center,clinic,Oneida,43.05497,-75.228828,1997
The Grand Rehabilitation and Nursing at Guilderland,nursing home,Albany,42.702211,-73.961676,1989
Daniel Squire Oral D & T Center,clinic,Erie,42.955959,-78.820358,1996
Syracuse Community Health Center East,clinic,Onondaga,43.048176,-76.11618,1993
Little Falls Hospital St. Johnsville Health Center,hospital,Montgomery,42.997823,-74.678938,2019
FMS-Albany Regional Kidney Center,clinic,Albany,42.646759,-73.775688,1997
Rome Mem Hosp-1819 Black River Blvd,hospital,Oneida,43.235905,-75.436356,1996
Heritage Manor of Lockport,other,Niagara,43.16238,-78.66339,1989
Suburban Dialysis Center,clinic,Erie,42.990945,-78.761133,2012
UCVA Medical,hospital,Monroe,43.112314,-77.598292,
Outpatient Extension Clinic,hospital,Monroe,43.114094,-77.632821,
Mobile Dental Van,clinic,Monroe,43.220085,-77.950653,
St. Mary's Riverfront Mall,hospital,Montgomery,42.937401,-74.190903,2007
Highland Diabetes Health Source (DHS) and Nutrition Edge (NE),hospital,Monroe,43.112175,-77.597466,
"Loretto Adult Community, Inc.",other,Onondaga,43.13179,-76.164239,1992
The Hamlet,other,Monroe,43.196607,-77.701489,
Dolgeville Primary Care Center,hospital,Herkimer,43.103455,-74.771446,2004
Erie County Medical Center,hospital,Erie,42.92717,-78.829224,
Community Health Center of Buffalo,clinic,Erie,42.941837,-78.834381,2000
Visiting Angels,other,Albany,42.71728,-73.80821,2015
Right At Home Albany,other,Albany,42.71728,-73.80821,2018
Greenfield Court,other,Erie,42.894888,-78.631851,2001
Eastman Dental Center,clinic,Monroe,43.124374,-77.622765,1917
Wayne County Nursing Home,nursing home,Wayne,43.06424,-77.028801,
Regional Wound Care Center,hospital,Oneida,43.220039,-75.418999,2013
Roswell Park Mobile Extension Clinic,hospital,Erie,42.89854,-78.86501,2022
"Elderone, An Affiliate Of Rochester Regional Health",other,Monroe,43.18958,-77.577952,
Westfall Surgery Center,clinic,Monroe,43.111469,-77.592453,
Mercy Home Care Of Western New York,other,Erie,42.827364,-78.821102,2009
Golisano Autism Center,clinic,Monroe,43.11869,-77.61547,
Crimson Ridge Gardens,other,Monroe,43.25203,-77.67503,
Mercy Neurology Center,hospital,Erie,42.84911,-78.8141,2021
Ellis Hospital - Bellevue Woman's Care Center Division,hospital,Schenectady,42.793575,-73.879089,1979
RPH East,other,Monroe,43.067909,-77.406142,
Bassett Health-Herkimer Cardiac Rehab,hospital,Herkimer,43.025597,-74.998444,2006
The Grand Rehabilitation and Nursing at Rome,nursing home,Oneida,43.220272,-75.450333,1980
Henrietta Primary Care,hospital,Monroe,43.065896,-77.630849,
URMC Strong Urgent Care,hospital,Monroe,43.182137,-77.80574,
Endocrinology Clinic of AMCH,hospital,Albany,42.703463,-73.858028,2020
U.S. Renal Care Oneida Dialysis,clinic,Madison,43.09495,-75.65158,2023
Garden Gate Health Care Facility,nursing home,Erie,42.87645,-78.753273,1970
The Womens Center,hospital,Monroe,43.19281,-77.584511,
Wilmot Cancer Institute - Greece and Highland Breast Imaging - Greece,hospital,Monroe,43.191257,-77.701546,
Manlius Home for Adults,other,Onondaga,43.003668,-75.977226,1987
Cayuga County Department of Health,clinic,Cayuga,42.93151,-76.56724,1979
Sheridan Preparatory Academy,clinic,Albany,42.662018,-73.766685,2007
Strong Wound Center,hospital,Monroe,43.112461,-77.607056,
Upstate Home Care,other,Oneida,43.079486,-75.390954,1999
U.S. Renal Care Rome Dialysis,clinic,Oneida,43.23132,-75.42782,2023
Ellis Hospital Mental Health Clinic,hospital,Schenectady,42.801914,-73.92821,1992
Crouse Hospital,hospital,Onondaga,43.041107,-76.137932,
"Elderchoice, Inc.",other,Onondaga,43.04746,-76.15061,2010
Latta Road Nursing Home West,nursing home,Monroe,43.252987,-77.666794,
The Wellness Center at Oak Orchard,clinic,Orleans,43.241563,-78.203131,2019
HW Smith Elementary School,clinic,Onondaga,43.047588,-76.094757,2009
"Always Compassionate Home Care, Inc.",other,Monroe,43.15507,-77.61665,
Elderwood Home Care At Hamburg,other,Erie,42.718304,-78.829423,2013
Supportive Care of Orleans,other,Orleans,43.240658,-78.211777,1996
Terrace at Beverwyck,other,Albany,42.660286,-73.835365,1999
Newark-Wayne Community Hospital,hospital,Wayne,43.059728,-77.102244,
PACE Health Center Cheektowaga,hospital,Erie,42.911511,-78.797773,2019
"Optum Infusion Services 100, Inc.",other,Albany,42.64983,-73.75205,2002
Priority Cares Home Services LLC DBA Priority Cares,other,Monroe,43.14705,-77.60276,
Camillus Ridge Terrace,other,Onondaga,43.036769,-76.338797,2006
Hcr/Hcr Home Care,other,Monroe,43.097486,-77.616703,
Jericho Road Community Health Center,clinic,Erie,42.892925,-78.868549,2020
Myers Medical Office Building,hospital,Wayne,43.256245,-77.065659,2004
Evelyn Brandon Health Center,hospital,Monroe,43.166023,-77.624519,
St Johns Health Care Corporation,nursing home,Monroe,43.130035,-77.609718,
Westminster School (School 68),hospital,Erie,42.939404,-78.812599,1998
Ingersoll Place,other,Schenectady,42.780272,-73.887642,2008
St Peters Addiction Recovery Center,hospital,Albany,42.679539,-73.789314,1984
CareGivers,other,Schenectady,42.802416,-73.899899,2005
"Attentive Care Of Albany, Inc.",other,Albany,42.719107,-73.809089,1989
Angels In Your Home,other,Monroe,43.18616,-77.69334,
Ovid Community Health Center,clinic,Seneca,42.678326,-76.822464,2013
Woodside Manor Nursing Home Inc,nursing home,Monroe,43.110882,-77.597885,
MVHS East Utica Medical Office,hospital,Oneida,43.080975,-75.205551,2000
Brentland Woods,other,Monroe,43.046565,-77.624734,
St. Mary's Healthcare,hospital,Montgomery,42.953758,-74.216194,
Elderwood Home Care At Tonawanda,other,Erie,42.98872,-78.88788,2018
"Lockport Memorial Hospital, a Campus of Mount St Mary's",hospital,Niagara,43.14885,-78.70661,2023
Jordan at Threshold,clinic,Monroe,43.165611,-77.574829,1968
Brompton Heights,other,Erie,42.972944,-78.708178,1983
Faxton St Luke's Healthcare Campus,hospital,Oneida,43.09808,-75.27546,
UR Medicine Home Care,other,Monroe,43.201027,-77.497665,
Fbh Home Care Options,other,Monroe,43.110343,-77.439949,
MVHS Waterville Medical Office,hospital,Oneida,42.926826,-75.39138,2001
"Elite HHC, LLC",other,Onondaga,43.09734,-76.14498,2022
St. Ann's Adult Day Services at Durand,other,Monroe,43.225882,-77.547233,1873
Schoellkopf Health Center,nursing home,Niagara,43.094048,-79.0504,
Anthony L Jordan Health Center,clinic,Monroe,43.168159,-77.603317,1968
Franklin Magnet Elementary School,clinic,Onondaga,43.062378,-76.1465,2012
Moravia Health Center,clinic,Cayuga,42.712448,-76.422806,2003
Outpatient Extension Clinic-White Spruce,hospital,Monroe,43.102725,-77.617386,
University Health Care Center,hospital,Onondaga,43.047031,-76.14402,1995
"At Home Solutions, LLC",other,Albany,42.69314,-73.87329,2023
St. Peter's Addiction Recovery Center,hospital,Albany,42.701252,-73.904968,2012
Anchor Health Homecare Services INC,other,Albany,42.72202,-73.80756,2023
The Village at Towngate,other,Monroe,43.2055,-77.698393,
St Peters Hospital-SPARC,hospital,Albany,42.732956,-73.762428,2003
Oneida Health Sleep Center,hospital,Madison,43.077267,-75.65197,2012
Mount St. Mary's Primary Care Extension Clinic for Complete Senior Care Center,hospital,Niagara,43.101013,-79.052589,2010
Central Park Rehabilitation and Nursing Center,nursing home,Onondaga,43.033218,-76.14779,1989
Loudonville Assisted Living Residence,other,Albany,42.682006,-73.760483,1988
Maple West Medical Complex,hospital,Erie,42.990945,-78.761133,2015
Coram Healthcare Corporation Of Greater New York,other,Albany,42.77608,-73.69998,2012
Alcohol Outpatient Clinic,hospital,Oneida,43.21279,-75.461132,1995
"New Beginnings Home Care, Inc.",other,Cayuga,42.933792,-76.567343,2008
Newark Community Health Center,clinic,Wayne,43.047311,-77.110075,2014
The Pines at Utica Center for Nursing & Rehabilitation,nursing home,Oneida,43.086617,-75.254684,1989
Highland Family Medicine,hospital,Monroe,43.142391,-77.598907,
"Aurora Home Care, Inc.",other,Erie,42.964183,-78.738069,1995
MVHS Pulmonary Critical Care,hospital,Oneida,43.117237,-75.213051,1998
Depaul Home Care,other,Erie,42.871553,-78.755855,2009
Jennie B Richmond Chaffee Nursing Home Company Inc,nursing home,Erie,42.508579,-78.659195,
DCI - Mount Hope,clinic,Albany,42.631139,-73.772955,2019
UHCC-POB,hospital,Onondaga,43.041451,-76.137779,2002
Aaron Manor Rehabilitation and Nursing Center,nursing home,Monroe,43.121498,-77.441704,
Canterbury Woods Gates Circle,other,Erie,42.920002,-78.867043,2017
Downtown Dental Center,clinic,Monroe,43.157234,-77.606308,
Surgical Consultation Ext Clinic,hospital,Monroe,43.189716,-77.58432,
Community Health Center of Cheektowaga,clinic,Erie,42.945688,-78.765159,2016
St Anns Community,nursing home,Monroe,43.209,-77.469734,
Enrico Fermi Dental Clinic,clinic,Monroe,43.158569,-77.634438,
Schofield Residence,nursing home,Erie,42.972507,-78.878639,1985
Whitney M Young Jr. Dental Health Center,clinic,Albany,42.663231,-73.748124,2017
Highland Breast Imaging at Jordan and Highland Medical Imaging at Jordan,hospital,Monroe,43.168159,-77.603317,
Southtowns Dialysis Center,clinic,Erie,42.753494,-78.857552,2011
McAuliffe Health Center,clinic,Onondaga,43.086962,-76.072515,1984
"People Home Health Care Services - Licensed, Inc.",other,Erie,42.9733,-78.80524,1993
Physical Medicine and Bariatrics Clinic of AMCH,hospital,Albany,42.629848,-73.808126,1998
Community Memorial Hospital Inc,hospital,Madison,42.814011,-75.541962,
UPSTATE University Hospital at Community General,hospital,Onondaga,43.007816,-76.17025,
Outpatient Cardiology Clinic,hospital,Monroe,43.196109,-77.590151,
Whitney M Young Methadone Rehab Clinic,clinic,Albany,42.703697,-73.80761,1979
"Maxim Of New York, Llc",other,Monroe,43.158572,-77.614606,
Heritage One Day Surgery,clinic,Onondaga,43.122902,-76.136024,2012
"Oneida Health Roswell Park Oncology, LLC",clinic,Madison,43.077592,-75.651975,2019
Harvey Austin School #97,hospital,Erie,42.903786,-78.819626,2005
"Evergreen Place, Enhanced, Assisted Living & Memory Care",other,Monroe,43.222662,-77.942017,
Ellicott Center for Rehabilitation and Nursing,nursing home,Erie,42.890366,-78.883644,1989
Buffalo Hearing and Speech Center,clinic,Erie,42.978493,-78.738914,1999
St. Mary's Rao Pavilion Health Center,hospital,Montgomery,42.96099,-74.18756,2022
Continuing Day Treatment/Partial Hospitalization Program,hospital,Monroe,43.195511,-77.604912,
Premier Ambulatory Surgery Center,clinic,Erie,42.727759,-78.889579,2018
Comforcare Senior Services - Rochester East,other,Monroe,43.102078,-77.536775,
WoW (Whitney on Wheels) 2.0,clinic,Albany,42.65783,-73.7447,2022
The Terrace at Glen Eddy,other,Schenectady,42.776093,-73.878271,2002
Home Care Preferred,other,Monroe,43.148955,-77.596915,
All Metro Health Care,other,Albany,42.6673,-73.755936,2011
Liberty Resources Family Health Center,clinic,Onondaga,43.060727,-76.133209,2015
Lilac Manor Rehabilitation and Nursing Center,nursing home,Monroe,43.154247,-77.586456,
Rochester General Wound Health Center,hospital,Monroe,43.193474,-77.584404,1847
Daniel Squire Oral D & T Center Mobile School-Based Dental Unit,clinic,Erie,42.955111,-78.821079,2023
Degraff Memorial Hospital-Skilled Nursing Facility,nursing home,Niagara,43.026154,-78.862457,1979
Elderwood at Lancaster,nursing home,Erie,42.892838,-78.684792,1989
Rosa Coplon Jewish Home and Infirmary Certified Home Health Agency,other,Erie,43.015245,-78.789439,2014
UR Medicine Primary Care - Bushnell's Basin,hospital,Monroe,43.057107,-77.466759,
Lockport Rehab & Health Care Center,nursing home,Niagara,43.153465,-78.6717,
The Highlands at Brighton,nursing home,Monroe,43.112316,-77.593231,
U.S. Care Systems Inc.,other,Oneida,43.079025,-75.277363,1992
Maplewood Nursing Home Inc,nursing home,Monroe,43.212967,-77.435051,
Manhattan Square Family Medicine,hospital,Monroe,43.155251,-77.59935,
GuildCare Buffalo,clinic,Erie,42.905473,-78.867984,2017
Hometown Health Centers,clinic,Schenectady,42.801613,-73.928093,1979
Neighborhood Health Center - Riverway,clinic,Erie,42.92731,-78.89719,2022
Complete Companion Care Llc,other,Oneida,43.06796,-75.60013,2017
The Inn at Menorah Park,other,Onondaga,43.040068,-76.076708,2014
Peregrine Crossgate,other,Albany,42.694981,-73.851014,1998
Penfield Place,nursing home,Monroe,43.129601,-77.486,
Bassett Healthcare Delanson,hospital,Schenectady,42.752457,-74.183372,1999
Absolutcare of Orchard Brooke,other,Erie,42.751299,-78.762707,1995
Judson Meadows,other,Schenectady,42.845599,-73.950802,2014
"Sterling Surgical Center, LLC",clinic,Erie,42.790737,-78.767036,2002
Fowler High School,clinic,Onondaga,43.043213,-76.173981,2006
Seneca Family Health Center,hospital,Seneca,42.90362,-76.8706,2022
Specialty Eye Surgery and Laser Center of the Capital Region,clinic,Albany,42.739939,-73.736204,2018
Elderwood at Wheatfield,nursing home,Niagara,43.092342,-78.906151,1995
Downtown Alcoholism Clinic,hospital,Erie,42.90863,-78.866753,1985
St. Mary's Health Center,hospital,Montgomery,42.954033,-74.2174,1998
Freedom Center of Buffalo,clinic,Erie,42.959568,-78.754906,2014
St. Mary's Medical Arts Building,hospital,Montgomery,42.953724,-74.21608,2012
FMS-Niskayuna Dialysis Center,clinic,Schenectady,42.815533,-73.891685,2013
Ellis Medical Arts Building,hospital,Schenectady,42.819191,-73.916618,1996
Outpatient Extension Clinic,hospital,Monroe,43.0874,-77.5459,
His Branches Inc,clinic,Monroe,43.142277,-77.642517,
MVHS Children's Health Center,hospital,Oneida,43.08334,-75.267899,1994
Promenade at University Place,other,Albany,42.676835,-73.82888,2018
Community Health Center of Buffalo Mobile Van,clinic,Niagara,43.13346,-78.76963,2017
Ellis Health Services Building,hospital,Schenectady,42.803593,-73.914639,2015
Internal Medicine Associates,hospital,Albany,42.672863,-73.748863,1993
Medina Memorial Hospital,hospital,Orleans,43.223637,-78.397141,
Genesee Valley Family Medicine-Lakeville,hospital,Monroe,42.833282,-77.69339,
Belvedere Home Care,other,Albany,42.652502,-73.749865,2009
Oneida County Health Department,clinic,Oneida,43.212868,-75.461769,1983
Monroe County Department of Health Clinics,clinic,Monroe,43.114513,-77.619347,
Endoscopy Center of Central New York,clinic,Onondaga,43.040112,-76.02179,2010
"Syracuse Endoscopy Associates, LLC",clinic,Onondaga,43.09115,-76.07448,2005
Menorah Park Home Care Agency,other,Onondaga,43.047031,-76.129704,2004
Loretto Health and Rehabilitation Center,nursing home,Onondaga,43.009064,-76.132774,1980
Western New York BloodCare,clinic,Erie,42.909561,-78.870934,
Pittsford Extension Clinic - UC,hospital,Monroe,43.102222,-77.53524,
St. Mary's Holland Circle,hospital,Montgomery,42.972889,-74.188789,1994
Balanced Care Licensed Home Care Agency,other,Albany,42.676835,-73.82888,2018
"Upstate Family Health Center, Inc.",clinic,Oneida,43.098187,-75.251693,2017
SMH Mobile Mammography Van,hospital,Monroe,43.12361,-77.62436,
The Terrace at Woodland,other,Oneida,43.264179,-75.465097,2009
St. Francis Park,other,Erie,42.754333,-78.826332,2020
Community Care Home Health Services,other,Monroe,43.16507,-77.6884,
Brothers of Mercy Nursing & Rehabilitation Center,nursing home,Erie,42.96611,-78.594223,
Evergreen Health,clinic,Erie,42.94842,-78.87957,2021
Jordan Health Link,clinic,Monroe,43.17028,-77.610596,1968
Loretto Heritage Apts.,other,Onondaga,43.009219,-76.132868,1997
Elderwood Village at Greece,other,Monroe,43.200206,-77.697494,
MVHS Whitesboro Medical Office,hospital,Oneida,43.118931,-75.287109,2001
E John Gavras Center,clinic,Cayuga,42.944103,-76.566963,1979
Ridgeplex Medical Group,hospital,Monroe,43.19812,-77.581932,
Elderwood at Hamburg,nursing home,Erie,42.730587,-78.833969,1985
Option Care,other,Erie,42.771463,-78.769897,2003
Teresian House Nursing Home Co Inc,nursing home,Albany,42.702076,-73.854187,
Mount View Assisted Living,other,Niagara,43.174129,-78.740523,2015
Elderwood Home Care At West Seneca,other,Erie,42.831645,-78.777705,2013
Edison Technical&Occupational Center,hospital,Monroe,43.177231,-77.669785,
Onondaga Center for Rehabilitation and Nursing,nursing home,Onondaga,43.079109,-75.997574,1983
Buffalo Hearing and Speech Center Inc,clinic,Erie,42.902245,-78.866837,1995
Unity Hospital Dialysis at Spencerport,hospital,Monroe,43.19656,-77.797677,1894
Charles T Sitrin Health Care Center Inc,nursing home,Oneida,43.05497,-75.228828,1989
At Home Solutions LLC,other,Onondaga,43.08318,-76.13013,2024
The Willows,other,Orleans,43.214986,-78.372757,1988
Cornerstone Surgery Center,clinic,Monroe,43.179969,-77.691449,
"Autumn View Health Care Facility, LLC",nursing home,Erie,42.760113,-78.832321,1983
Medical Associates of Penfield,hospital,Monroe,43.149612,-77.437121,
"Mount St. Mary's Ear, Nose and Throat Services",hospital,Niagara,43.0858,-78.944298,2011
Rotterdam - Schenectady Dialysis Center,clinic,Schenectady,42.786161,-73.912484,2016
"Buffalo Surgery Center, LLC",clinic,Erie,42.97723,-78.79146,2023
Dr. King Applied Sci Com Magnet Sch,clinic,Onondaga,43.035557,-76.144241,2002
Highlands Living Center,nursing home,Monroe,43.087677,-77.49865,
Whitney M Young Jr Health Center Inc,clinic,Albany,42.729271,-73.701023,2016
Upstate Home Care,other,Erie,42.952634,-78.708443,2004
Brookdale Williamsville,other,Erie,42.966904,-78.727088,1998
Elderwood Village at Bassett Park,other,Erie,42.996696,-78.728458,1983
"Mount View Assisted Living, Inc.",other,Niagara,43.174129,-78.740523,2015
Capital District Home Care Agency Llc,other,Albany,42.698996,-73.789568,2019
Little Falls Hospital West Winfield Health Center,hospital,Herkimer,42.885448,-75.182853,2019
Avon Family Medicine,hospital,Monroe,42.911144,-77.733391,
"Rome Memorial Hospital, Inc",hospital,Oneida,43.229935,-75.443466,1979
U.S. Renal Care Cheektowaga Dialysis Center,clinic,Erie,42.890629,-78.754417,2011
St. Peter's Breast Center - Washington Avenue Mammography,hospital,Albany,42.685863,-73.813545,2011
Niagara Dialysis Center,clinic,Niagara,43.112162,-78.990098,2015
Outpatient Extension Clinic - Lattimore,hospital,Monroe,43.118511,-77.624039,
East Hill Family & Pediatric Medicine,clinic,Cayuga,42.934586,-76.559364,2001
Gananda Family Practice,hospital,Wayne,43.123504,-77.319291,2009
The Grand Rehabilitation and Nursing at Chittenango,nursing home,Madison,43.049301,-75.869614,1989
Musculoskeletal Bldg,hospital,Monroe,43.113483,-77.59288,
Visiting Nursing Association of Western New York Inc,other,Erie,42.956619,-78.714821,1994
MVHS Rehabilitation and Nursing Center,nursing home,Oneida,43.099613,-75.275528,1996
FMS-Greece Dialysis Center,clinic,Monroe,43.18947,-77.700727,
U.S. Renal Care West Cheektowaga Dialysis,clinic,Erie,42.921596,-78.783651,2016
Seaway Dialysis,clinic,Monroe,43.196109,-77.590151,
FoltsBrook Center for Nursing and Rehabilitation,nursing home,Herkimer,43.026329,-74.984627,
St. Joseph's Hospital Health Center,hospital,Onondaga,43.055744,-76.149384,
Kingsway Arms Nursing Center Inc,nursing home,Schenectady,42.776417,-73.911423,
Hudson Park Rehabilitation and Nursing Center,nursing home,Albany,42.670933,-73.753693,1980
Buffalo Ambulatory Surgery Center,clinic,Erie,42.928459,-78.784119,1990
Nascentia Community Care,clinic,Onondaga,43.05442,-76.17263,2023
Family Health Center of Comm Mem Hosp,hospital,Madison,42.970061,-75.588417,1999
Woodcrest Commons,other,Monroe,43.063739,-77.650281,
Humboldt House Rehabilitation and Nursing Center,nursing home,Erie,42.921112,-78.848213,
Eddy Daybreak at Marjorie Doyle Rockwell Center,other,Albany,42.772724,-73.725082,1997
Buckley Landing Enriched Housing Site #6,other,Onondaga,43.131811,-76.163083,1992
Planned Parenthood of Central and Western New York,clinic,Onondaga,43.046837,-76.13382,1998
Loretto EHP #3 Nottingham,other,Onondaga,43.011369,-76.086122,1988
The Terrace At Woodland,other,Oneida,43.264179,-75.465097,2009
"Valley Residential Services, Inc.",other,Herkimer,43.045,-74.9586,2015
URMC Ambulatory Center,hospital,Monroe,43.113632,-77.607651,
Elderwood Assisted Living at Hamburg,other,Erie,42.718304,-78.829423,1998
Multispecialty Clinics of AMCH,hospital,Albany,42.653681,-73.774444,2019
Montgomery County Public Health Department,other,Montgomery,42.952957,-74.373684,1995
East Ridge Family Medicine,hospital,Monroe,43.195478,-77.589542,
Albany High School,clinic,Albany,42.666503,-73.782639,2021
Southside Elementary School #93,hospital,Erie,42.860371,-78.821693,2008
Hillcrest Spring Residential,other,Montgomery,42.95692,-74.18635,1985
Wayne Co Public Health Nursing Service,clinic,Wayne,43.065098,-77.028557,1979
Harden Blvd Health Center,hospital,Oneida,43.324615,-75.740028,1995
Brookdale Liverpool,other,Onondaga,43.126096,-76.233516,1983
Outpatient Oncology Clinic-Greece,hospital,Monroe,43.191257,-77.701546,
U C P and Handicapped Childrens Association of Syracuse Inc,clinic,Onondaga,43.078918,-76.145485,1979
Peregrine Senior Living at Orchard Park,other,Erie,42.790018,-78.766289,1999
U.S. Renal Care Amherst Dialysis,clinic,Erie,42.98148,-78.827171,2018
The Terrace At Newark,other,Wayne,43.019313,-77.094076,2009
St. Peter's Surgery And Endoscopy Center,clinic,Albany,42.686153,-73.814049,2002
Clinton Family Health Center,hospital,Monroe,43.170728,-77.608669,
Buffalo Homecare Inc.,other,Erie,42.897704,-78.875012,2019
Canterbury Woods,other,Erie,42.996504,-78.72287,1999
Wayne Medical Group - Orthopedics,hospital,Wayne,43.059635,-77.100792,2009
UHCC - Harrison,hospital,Onondaga,43.044216,-76.143906,1990
Community Wellness Partners Home Care,other,Oneida,43.073236,-75.342543,1995
UR Medicine Urgent Care - Webster,hospital,Monroe,43.19649,-77.49962,
Greenfield Health & Rehab Center,nursing home,Erie,42.895,-78.63205,1998
East High School,hospital,Monroe,43.159683,-77.564919,
Sleep Disorder/Pulmonary Function Testing Services,hospital,Monroe,43.113281,-77.597427,
At Home Solutions LLC,other,Erie,42.95556,-78.67934,2024
Elder One Silver Hills Medical Clinic,hospital,Wayne,43.026385,-77.09032,2016
MVHS Rome Medical Office,hospital,Oneida,43.230519,-75.443241,2018
Unity Internal Medicine at Cornerstone,hospital,Monroe,43.147102,-77.711349,
The Grand Rehabilitation and Nursing at Mohawk,nursing home,Herkimer,43.018436,-75.047272,
MVHS Barneveld Medical Office,hospital,Oneida,43.249338,-75.184014,2001
Bethany Gardens Skilled Living Center,nursing home,Oneida,43.236221,-75.452438,1991
"Mohawk Valley Home Care, Llc",other,Oneida,43.1023,-75.2732,2005
Hometown Health Centers at Schenectady High School,clinic,Schenectady,42.814745,-73.910538,2016
URMC Strong West,hospital,Monroe,43.220116,-77.944695,
Option Care,other,Monroe,43.089525,-77.613254,
NHC Mobile Health Unit - Say Yes Buffalo,clinic,Erie,42.950272,-78.88756,2019
Sisters of Charity Hospital - St. Joseph Campus,hospital,Erie,42.914642,-78.784241,
Schofield Certified Home Care,other,Erie,42.98788,-78.87671,2014
Wayne County Public Health - Mobile Extension Clinic,clinic,Wayne,43.06112,-77.0301,2025
Unity Dialysis at Chili,hospital,Monroe,43.098736,-77.763046,
Endoscopic Procedure Center,clinic,Onondaga,43.054997,-76.275626,2005
Port Byron Community Health Center,clinic,Cayuga,43.032402,-76.624367,2008
Starlight Pediatric Clinic,clinic,Monroe,43.111568,-77.616142,
Hospice and Palliative Care Inc,other,Oneida,43.070301,-75.344276,1985
Albany Medical Center Hospital Ambulatory Surgery Center - Niskayuna,hospital,Schenectady,42.802187,-73.898216,2019
KabaFusion HH,other,Onondaga,43.05812,-76.17542,1995
Eastman Dental Center-Mobile Dental Van #3,clinic,Monroe,43.124374,-77.622765,1917
Herman Badillo School #76,hospital,Erie,42.893997,-78.878899,1998
Pathways Methadone,hospital,Erie,42.937531,-78.834991,2005
Linden Medical Group,hospital,Monroe,43.125015,-77.516937,
"Stafkings Healthcare Systems, Inc.",other,Onondaga,43.100124,-76.189777,1995
Neighborhood Health Center Mattina,clinic,Erie,42.892193,-78.883812,2011
Strong Health Cardiac Rehab Program,hospital,Monroe,43.112175,-77.597466,
Linden Surgery Center,clinic,Monroe,43.126083,-77.516708,
Grant Middle School,clinic,Onondaga,43.07386,-76.148781,2012
Strong Psych Center O/P Services,hospital,Monroe,43.116367,-77.596542,
Outpatient Cardiology Clinic-Canal View,hospital,Monroe,43.09659,-77.58416,
Iroquois Nursing Home Inc,nursing home,Onondaga,42.995564,-76.12001,1992
Millard Fillmore Suburban Hospital,hospital,Erie,42.991219,-78.72982,1979
UHCC at Hill Medical,hospital,Onondaga,43.046757,-76.136467,2010
Visiting Nurses Home Care,other,Albany,42.67852,-73.79613,2003
Bassett Healthcare - Clinton,hospital,Oneida,43.049747,-75.380699,2011
Elderwood Assisted Living at Wheatfield,other,Niagara,43.090489,-78.907705,2011
"Visiting Nursing Association of Western New York, Inc",nursing home,Erie,42.956619,-78.714821,1994
Center for Ambulatory Surgery LLC,clinic,Erie,42.832264,-78.779503,2001
Ellis Cushing Medical Arts Building,hospital,Schenectady,42.805328,-73.917274,2012
Visiting Nurse Signature Care,other,Monroe,43.200653,-77.496015,
NFMMC Summit Park Mall Clinic,hospital,Niagara,43.084652,-78.94072,1991
Niagara Hospice Inc,other,Niagara,43.185364,-78.73307,1996
Seabury Woods,other,Monroe,43.13963,-77.741368,
Syracuse Home Association,nursing home,Onondaga,43.144634,-76.344734,1990
Renal Care of Buffalo,clinic,Erie,42.832264,-78.779503,2006
Central New York Dialysis Center,clinic,Onondaga,43.050674,-76.137817,2002
Planned Parenthood Utica Health Center,clinic,Oneida,43.094032,-75.246437,1999
"Independence Home Care Of New York, Inc.",other,Erie,43.015574,-78.696188,2018
"Central New York Infusion Services, Llc",other,Onondaga,43.039759,-76.059529,2002
All Metro Health Care,other,Monroe,43.15038,-77.565108,
Niagara Rehabilitation and Nursing Center,nursing home,Niagara,43.096687,-79.052055,1991
"Harris Hill Nursing Facility, LLC",nursing home,Erie,42.956268,-78.68856,1992
Brookdale Clinton,other,Oneida,43.038217,-75.359918,2000
"Elderone, An Affiliate Of Rochester Regional Health",other,Monroe,43.148182,-77.538613,
Community Health Center of Lockport,clinic,Niagara,43.17012,-78.69046,2012
UPSTATE Physical Therapy & Phlebotomy,hospital,Onondaga,43.055118,-76.272345,2020
"Rochester Regional Health Physical, Occupational & Speech Therapy",hospital,Monroe,43.197794,-77.578911,
"Professional Assistance For Seniors, Inc.",other,Monroe,43.18046,-77.69206,
Bertrand Chaffee Hospital,hospital,Erie,42.508575,-78.659103,
FMS-Brighton,clinic,Monroe,43.11843,-77.656571,
Heritage Home for Women,other,Schenectady,42.807722,-73.911185,1988
"Millview of Latham, LLC",other,Albany,42.788507,-73.741666,1985
Community Memorial Hospital - Hamilton Family Health Center,hospital,Madison,42.812443,-75.542588,2016
Elderwood Assisted Living at Tonawanda,other,Erie,42.98872,-78.88788,1993
Westside Academy at Blodgett,clinic,Onondaga,43.04467,-76.164642,2011
Firstlight Home Care,other,Erie,42.918968,-78.754377,2016
Ellis Hospital Bariatric Center,hospital,Schenectady,42.828289,-73.889351,2005
"Center for Disability Services, Inc.",clinic,Albany,42.656338,-73.805016,1979
FMS-Clinton Crossing,clinic,Monroe,43.112175,-77.597466,
Specialty Surgery Center of Central New York,clinic,Onondaga,43.082142,-76.175293,1999
"Allcare Family Services, Inc.",other,Erie,42.90133,-78.873231,1987
"Christian Health Service of Syracuse, Inc",clinic,Onondaga,43.060844,-76.093269,2012
Mercy Hospital of Buffalo,hospital,Erie,42.84853,-78.812859,
Hamilton Manor Nursing Home,nursing home,Monroe,43.215839,-77.695869,
River Ridge Living Center,nursing home,Montgomery,42.937553,-74.205254,1979
Tennyson Court,other,Erie,42.971119,-78.698846,2001
St. Elizabeth Med Grp-New Hartford,hospital,Oneida,43.073311,-75.291832,1999
Multispecialty Surgery Clinic of AMCH,hospital,Albany,42.6525,-73.774663,2018
Ellis Hospital,hospital,Schenectady,42.819839,-73.918747,
Syracuse Community Health Center Inc,clinic,Onondaga,43.03865,-76.15044,2023
"Schofield Home Health Care Services, Inc.",other,Erie,42.98788,-78.87671,1996
Hearing and Speech Center of Rochester Inc,clinic,Monroe,43.125015,-77.612144,1922
"Stafkings Healthcare Systems, Inc.",other,Onondaga,43.10018,-76.18979,1995
Crimson Ridge Meadows,other,Monroe,43.25066,-77.67513,
Cirrus Manor Home Care,other,Monroe,43.19175,-77.56354,
Unity Health at Pieters Family Life Center,hospital,Monroe,43.083706,-77.605209,
Bassett Healthcare Little Falls,hospital,Herkimer,43.043964,-74.847458,2006
OrthoNY Ambulatory Surgery Center - Albany,clinic,Albany,42.688889,-73.776093,2000
Brown Square Health Center,clinic,Monroe,43.170425,-77.627304,
Bassett Healthcare Herkimer,hospital,Herkimer,43.02787,-74.980324,1988
The Athenaeum of Skaneateles,other,Onondaga,42.94447,-76.418886,2008
Ellis Medicine Primary Care Glenville,hospital,Schenectady,42.860389,-73.934439,1996
Jericho Road Community Health Center,clinic,Erie,42.90933,-78.81906,2013
Wheatfield Commons,other,Niagara,43.062393,-78.828229,2017
Genesee Valley Dermatology,hospital,Monroe,43.09521,-77.61726,
St Camillus Residential Health Care Facility,nursing home,Onondaga,43.035419,-76.208199,
Perinatology Extension Clinic,hospital,Monroe,43.0658,-77.629601,
Lutheran Home Cottages,other,Oneida,43.055971,-75.361046,2019
UPSTATE C.A.R.E.,hospital,Onondaga,43.047562,-76.1436,2011
PACE Health Center Lackawanna,hospital,Erie,42.827366,-78.820946,2008
Father Baker Manor,nursing home,Erie,42.732235,-78.752365,1994
"Heathwood Assisted Living At Penfield, Inc.",other,Monroe,43.136965,-77.440144,
Strong Ties,hospital,Monroe,43.099594,-77.630249,
Niagara County Department Of Health,other,Niagara,43.098792,-79.049901,2012
CMH Rapid Care - Catskill,hospital,Herkimer,42.21347,-73.8791,2024
Elderwood Home Care At Wheatfield,other,Niagara,43.090489,-78.907705,2019
The Brook at High Falls Nursing Home and Rehabilitation Center,nursing home,Monroe,43.195732,-77.61779,
McAuley-Seton Home Care Corporation,other,Erie,42.89001,-78.86916,1988
RGH Mobile Mammography Coach,hospital,Monroe,43.079738,-77.582861,
Marjorie Doyle Rockwell Center,other,Albany,42.77505,-73.724399,1997
University Dialysis Center@Auburn,clinic,Cayuga,42.937199,-76.562523,1998
The Landing of Brighton,other,Monroe,43.116728,-77.582663,
Elderwood at Lockport,nursing home,Niagara,43.186798,-78.670219,
Deruyter Central School,clinic,Madison,42.758583,-75.890572,2003
Palmac Medical Center,hospital,Wayne,43.069183,-77.283424,1998
Wayne Medical Group,hospital,Wayne,43.057156,-77.001678,1998
Betsy Ross Rehabilitation and Nursing,nursing home,Oneida,43.232052,-75.466057,1998
Brighton Chemical Dependency 0/P,hospital,Monroe,43.105988,-77.576721,
CCOR,other,Monroe,43.15116,-77.560094,
Masonic Home,other,Oneida,43.086698,-75.189558,1979
Upstate Home Care,other,Onondaga,43.095632,-76.095053,2004
St. Joseph's Dialysis - Camillus,clinic,Onondaga,43.041546,-76.261375,2009
Penfield Family Medicine,hospital,Monroe,43.130775,-77.438194,
Accredo,other,Monroe,43.13363,-77.492374,
Elderwood at Grand Island,nursing home,Erie,43.039127,-78.979385,1989
"Maxim Of New York, Llc",other,Onondaga,43.052926,-76.172152,2004
Nursecore Of Albany,other,Albany,42.69507,-73.808319,2003
Auburn Rehabilitation & Nursing Center,nursing home,Cayuga,42.913609,-76.579185,1980
Elderwood Village at St. Gregory Court,other,Erie,42.99422,-78.72609,2022
Hearth Home Care,other,Onondaga,43.10421,-76.161915,2014
MVHS Medical Arts,hospital,Oneida,43.080158,-75.333626,2010
Franklin Educational Campus,clinic,Monroe,43.186954,-77.597588,
Lifecare Medical Associates,hospital,Seneca,42.907506,-76.833322,2020
Fonda Primary/Specialty Care Center,hospital,Montgomery,42.955029,-74.368238,2017
Delmar Center for Rehabilitation and Nursing,nursing home,Albany,42.625923,-73.802002,1991
Rochester Surgery Center,clinic,Monroe,43.120018,-77.509216,
Nascentia Home Aides,other,Onondaga,43.054255,-76.17259,1987
Pulmonary Medicine and Rheumatology Clinic of AMCH,hospital,Albany,42.653284,-73.773462,2018
"Cobbs Hill Manor, Inc.",other,Monroe,43.13718,-77.579778,
Elderwood Village at Colonie,other,Albany,42.735086,-73.768181,1983
Kensington OB/GYN,hospital,Erie,42.92717,-78.829224,2012
The Villages of Orleans Health and Rehabilitation Center,nursing home,Orleans,43.240555,-78.216614,
Rainier Grove at Cherry Ridge,other,Monroe,43.208538,-77.470936,
Sunrise Surgery Center,clinic,Erie,42.79275,-78.75561,2023
DeGraff Medical Park,other,Niagara,43.026154,-78.862457,1979
Planned Parenthood of Central and Western New York,clinic,Monroe,43.160461,-77.599838,1934
Waterville Residential Care Center,nursing home,Oneida,42.930527,-75.383545,1989
Allwel,other,Erie,42.95378,-78.86949,2009
Highland Cardiology at Red Creek,hospital,Monroe,43.065695,-77.62967,
St Anns Community,nursing home,Monroe,43.193474,-77.584404,
Crest Manor Living and Rehabilitation Center,nursing home,Monroe,43.069122,-77.441177,
Elderwood at Amherst,nursing home,Erie,42.977028,-78.813683,1989
Comprehensive Rehabilitation and Nursing Center at Williamsville,nursing home,Erie,42.965672,-78.751503,
UPSTATE Physical Therapy,hospital,Onondaga,43.032508,-76.193362,1992
Jewish Home of Central New York,nursing home,Onondaga,43.036987,-76.075798,
Dialysis Center of Rome,clinic,Oneida,43.20968,-75.46118,2021
Elderwood Village at Williamsville,other,Erie,42.960489,-78.757226,1999
Chestnut Commons PT & Rehab Center,hospital,Oneida,43.231152,-75.441368,1997
Trillium Health South,clinic,Monroe,43.118611,-77.612181,1989
Elderwood Assisted Living at Cheektowaga,other,Erie,42.888034,-78.745946,1996
Highland Family Medicine Extension,hospital,Monroe,43.142666,-77.599258,
Schenectady Cty Public Health Services,clinic,Schenectady,42.813297,-73.934082,1991
Hometown Health Centers Dental at State Street,clinic,Schenectady,42.80036,-73.92749,2021
Caregivers,other,Oneida,43.073383,-75.288623,2000
North Gate Health Care Facility,nursing home,Niagara,43.074463,-78.865974,1981
Parkwood Heights Senior Living Community,other,Wayne,43.061363,-77.313689,2012
Elderwood at Cheektowaga,nursing home,Erie,42.889259,-78.747017,1991
FMS - Westmere Dialysis Center,clinic,Albany,42.699524,-73.851347,2016
The Village at Penfield,other,Monroe,43.138133,-77.474005,
Adirondack Manor Home Care Agency,other,Oneida,43.108142,-75.170508,2000
"Buffalo Womenservices, LLC",clinic,Erie,42.936367,-78.842308,2005
CHCB-BFNC,clinic,Erie,42.89176,-78.85173,2023
Family Health Centers of Comm Mem Hosp,hospital,Oneida,42.930893,-75.380669,1991
New Dimensions In Health Care,clinic,Montgomery,42.940636,-74.194969,1996
Home Care Preferred,other,Wayne,43.044282,-77.111042,2001
Clifton Park Multispecialty Clinic,hospital,Albany,42.86418,-73.75747,2022
Ken-Ton Enriched Housing,other,Erie,42.985495,-78.872452,2020
Highland Women's Health - Culver,hospital,Monroe,43.161648,-77.565308,
Adolescent Drug & Alcohol Abuse Prg,hospital,Onondaga,43.05526,-76.09532,1988
Loretto EHP #1 Bernardine Apartments,other,Onondaga,43.008584,-76.139309,1981
UHCC - Madison Irving,hospital,Onondaga,43.045662,-76.137688,2010
Pediatric Specialties Clinic of AMCH,hospital,Albany,42.653125,-73.773889,2018
Eden Heights,other,Erie,42.666701,-78.833111,1990
The Nottingham Memory Care Residence,other,Onondaga,43.010868,-76.083694,2021
St. Mary's Johnstown Health Center,hospital,Montgomery,42.996929,-74.370659,1996
Willcare,other,Niagara,43.096062,-78.95089,2011
Goodcare Home Health Services,other,Erie,42.990085,-78.823181,2003
Sarah Jane Sanford Home,other,Montgomery,42.941499,-74.194285,1991
MVHS Immune Health and Prevention,hospital,Oneida,43.086555,-75.263031,2003
Bay Creek Medical Group,hospital,Monroe,43.194584,-77.501312,
Hcr/Hcr Home Care,other,Onondaga,43.09513,-76.08171,2016
Ken-Ton Family Care Center,hospital,Erie,42.95439,-78.86898,1991
UHCC-IHP,hospital,Onondaga,43.04525,-76.137703,2003
Eastman Dental - Mobile Van 5,clinic,Monroe,43.124359,-77.622768,1917
Home Instead,other,Schenectady,42.811936,-73.937313,2014
"Safire Rehabilitation of Northtowns, LLC",nursing home,Erie,42.980705,-78.829781,1980
Auburn Community Hospital,hospital,Cayuga,42.940811,-76.564758,
Elderwood Village at Fairport,other,Monroe,43.06725,-77.436434,
St. Margaret's Center,nursing home,Albany,42.645485,-73.77829,
Highland Hospital,hospital,Monroe,43.135769,-77.607544,1889
Schenectady County Public Health Services Lhcsa,other,Schenectady,42.813303,-73.934057,2005
Mercy Outpatient Clinic,hospital,Erie,42.849285,-78.813881,1995
Dialysis Clinic Inc,clinic,Albany,42.699154,-73.851128,2011
MVHS Town of Webb Health Center,hospital,Herkimer,43.764023,-74.842743,2013
Valley Health Services Inc,nursing home,Herkimer,43.025597,-74.998444,1984
GreenField Terrace,other,Erie,42.894205,-78.628321,1990
Little Falls Hospital,hospital,Herkimer,43.043964,-74.847458,1979
Evergreen Health (STI Testing and Treatment Center),clinic,Erie,42.944572,-78.813449,2019
Baptist Health Nursing and Rehabilitation Center,nursing home,Schenectady,42.836292,-73.954361,
Hospice Buffalo Inc,other,Erie,42.893028,-78.748116,1995
Elderwood Home Care At Cheektowaga,other,Erie,42.888034,-78.745946,2013
Rome Mem Hosp-1801 Black River Blvd,hospital,Oneida,43.235687,-75.436417,1996
All Metro Health Care,other,Erie,42.887814,-78.876293,2011
Outpatient Extension Clinic,hospital,Monroe,43.11914,-77.60857,
"The Brightonian, Inc",nursing home,Monroe,43.125744,-77.586365,
Strong Eastside Orthopedics & Rehab Clinic,hospital,Monroe,43.133602,-77.441673,
"Access To Home Care Services, Inc.",other,Cayuga,42.926471,-76.566262,2014
Utica Rehabilitation & Nursing Center,nursing home,Oneida,43.079891,-75.274467,
Mosaic Health Utica,clinic,Oneida,43.087986,-75.248878,2010
Watervliet Jr./Sr. High School,clinic,Albany,42.730493,-73.716832,2018
The Hearth at Greenpoint Senior Living,other,Onondaga,43.083122,-76.180158,1997
Westwood Commons Adult Home,other,Monroe,43.113329,-77.809681,
U.S. Renal Care Masonic Care Community Dialysis,clinic,Oneida,43.08906,-75.18953,2023
Onondaga County Department of Health,clinic,Onondaga,43.045815,-76.148727,1979
Sisters of Charity Hospital,hospital,Erie,42.92905,-78.849953,
Upstate Orthopedics Ambulatory Surgery Center,clinic,Onondaga,43.091747,-76.059219,2009
Ridgeway Internal Medicine,hospital,Monroe,43.18565,-77.70379,
Peregrine Shaker,other,Albany,42.673244,-73.754611,1998
FMS-Capital District Dialysis Center,clinic,Schenectady,42.805534,-73.916946,1984
Evergreen Health,clinic,Erie,42.93157,-78.77391,2022
Planned Parenthood of Central and Western New York,clinic,Niagara,43.022358,-78.877762,2006
Urgent Medical Care of Skaneateles,hospital,Onondaga,42.944115,-76.447044,2000
"Absolut Center for Nursing and Rehabilitation at Gasport, LLC",nursing home,Niagara,43.193581,-78.573296,1981
U.S. Renal Care Tonawanda Dialysis,clinic,Erie,42.997509,-78.850815,2011
Mercy Ambulatory Care Center,hospital,Erie,42.832264,-78.779503,1995
Broadway Pediatrics,hospital,Erie,42.884956,-78.85508,2005
Onondaga Community College,clinic,Onondaga,43.00212,-76.20057,2024
Fingerlakes Medical Care Center,hospital,Cayuga,42.954887,-76.54409,1993
Buffalo Hearing & Speech Center,clinic,Niagara,43.0858,-78.944298,2010
"Bristol Village, Inc.",other,Erie,43.012133,-78.67917,2003
Sauquoit Medical Office,hospital,Oneida,43.001995,-75.25853,1997
St. Mary's St. Johnsville Health Center,hospital,Montgomery,42.99902,-74.686768,1998
Saint Vincent Health Center,hospital,Erie,42.896263,-78.81958,2014
Long Pond Medical & Rehab Group,hospital,Monroe,43.188568,-77.694328,
"Pure Life Renal of Buffalo, Inc.",clinic,Erie,42.965443,-78.729156,1994
The Pearl Nursing Center of Rochester,nursing home,Monroe,43.190228,-77.584351,
FMS - Liverpool Dialysis Center,clinic,Onondaga,43.093231,-76.171028,2008
Visiting Nurses Home Care,other,Albany,42.678691,-73.796259,1988
Elderwood of Lakeside at Brockport,nursing home,Monroe,43.220108,-77.945473,
Venture Forthe Inc.,other,Niagara,43.091289,-79.016779,2008
Buffalo Hearing & Speech,clinic,Erie,42.828037,-78.753586,2003
